"replicate","exp_day","treatment","trait"
1,0,"control",8.95470885679228
1,0,"control",8.57929538611866
1,0,"control",8.3812949475308
1,0,"control",8.26306854026217
1,0,"control",8.96700945441794
1,0,"control",8.88237192173525
1,0,"control",9.44343427409311
1,0,"control",9.23743310353872
1,0,"control",8.53566804953588
1,0,"control",8.97043592769469
1,0,"half",8.84038470906139
1,0,"half",8.1757384485808
1,0,"half",8.9090358603227
1,0,"half",7.74977492316953
1,0,"half",8.11486652304084
1,0,"half",9.49573544359726
1,0,"half",8.5360957510599
1,0,"half",8.63731304045164
1,0,"half",8.39459363105177
1,0,"half",8.45350258334773
1,0,"starvation",8.94567867252375
1,0,"starvation",8.57422082744952
1,0,"starvation",8.30079108687954
1,0,"starvation",8.16008384140554
1,0,"starvation",8.82940726217917
1,0,"starvation",9.17591168865144
1,0,"starvation",9.14581857286518
1,0,"starvation",8.96735866517986
1,0,"starvation",7.77163485730591
1,0,"starvation",8.86315782293226
1,1,"control",8.1126930078339
1,1,"control",8.27793780700032
1,1,"control",8.71235408539127
1,1,"control",8.96849310638525
1,1,"control",9.60533944709166
1,1,"control",9.02460760941896
1,1,"control",9.14843164702999
1,1,"control",8.0908447561294
1,1,"control",8.34417987834111
1,1,"control",9.0636534526624
1,1,"half",8.87187981271453
1,1,"half",8.46553302114271
1,1,"half",7.92805042441459
1,1,"half",8.89069336665384
1,1,"half",8.65731599641038
1,1,"half",8.03773482059622
1,1,"half",9.17065080936684
1,1,"half",8.17702603199373
1,1,"half",8.79454389412438
1,1,"half",8.62147701314487
1,1,"starvation",7.11285180896392
1,1,"starvation",7.90049905668723
1,1,"starvation",6.90363287021895
1,1,"starvation",7.69844374006771
1,1,"starvation",8.43620688615861
1,1,"starvation",6.84014847670055
1,1,"starvation",7.82540676159466
1,1,"starvation",7.66324997358171
1,1,"starvation",7.85551558082016
1,1,"starvation",7.46424897004511
1,2,"control",8.10200797012774
1,2,"control",8.8621993414075
1,2,"control",7.85758250044313
1,2,"control",8.15707110612411
1,2,"control",9.18960977835513
1,2,"control",8.96640271647627
1,2,"control",8.7297899682742
1,2,"control",8.34829040818721
1,2,"control",8.90261705952501
1,2,"control",8.70137883034637
1,2,"half",8.26427359455028
1,2,"half",8.87709231168434
1,2,"half",8.21408612096609
1,2,"half",8.13655732058263
1,2,"half",8.34541143917646
1,2,"half",8.94170631655509
1,2,"half",8.64387259053718
1,2,"half",8.15434911701747
1,2,"half",8.13500131374827
1,2,"half",8.87399890847462
1,2,"starvation",6.25384321496487
1,2,"starvation",6.45983448575439
1,2,"starvation",6.48999206367773
1,2,"starvation",7.08662383562618
1,2,"starvation",6.621414554248
1,2,"starvation",6.83527054528349
1,2,"starvation",6.1549079480762
1,2,"starvation",6.74784355856755
1,2,"starvation",6.93897829459598
1,2,"starvation",6.61312205077253
1,3,"control",9.80765512921439
1,3,"control",8.80483870709958
1,3,"control",9.43597771815703
1,3,"control",10.0842652690944
1,3,"control",9.55633811005425
1,3,"control",9.49600303521061
1,3,"control",9.44556721824955
1,3,"control",8.90539299013537
1,3,"control",9.00185329323629
1,3,"control",9.45543684839794
1,3,"half",7.53030038711272
1,3,"half",7.75350324023393
1,3,"half",8.89226137630548
1,3,"half",8.25355801432392
1,3,"half",7.41155724796643
1,3,"half",8.1677069524714
1,3,"half",8.65484004213763
1,3,"half",8.51237884919567
1,3,"half",8.69845817209612
1,3,"half",7.92968509011647
1,3,"starvation",6.98579371139388
1,3,"starvation",7.61394415100741
1,3,"starvation",7.88595907825919
1,3,"starvation",7.13725699899218
1,3,"starvation",7.18850659840179
1,3,"starvation",6.77034173826852
1,3,"starvation",7.00865771975605
1,3,"starvation",6.83751719828605
1,3,"starvation",7.27597699582266
1,3,"starvation",6.94647553128865
1,4,"control",6.72437596738879
1,4,"control",6.46371479212908
1,4,"control",7.65648330783754
1,4,"control",8.3476365948016
1,4,"control",8.32905788861248
1,4,"control",7.68819412759772
1,4,"control",6.76005487351883
1,4,"control",7.97790291915384
1,4,"control",8.03948700073318
1,4,"control",7.63958498963522
1,4,"half",8.05464947992697
1,4,"half",8.18062784249738
1,4,"half",7.65532319825087
1,4,"half",7.93499898350799
1,4,"half",8.25809819057917
1,4,"half",8.095172235245
1,4,"half",8.38407927469123
1,4,"half",7.6599311052158
1,4,"half",7.68961628537521
1,4,"half",7.49956907727638
1,4,"starvation",6.80101479308326
1,4,"starvation",5.87926460055038
1,4,"starvation",5.67115732285416
1,4,"starvation",5.42133401839506
1,4,"starvation",6.18435143407143
1,4,"starvation",6.70407096635953
1,4,"starvation",5.73615399979024
1,4,"starvation",6.1481598024797
1,4,"starvation",6.04023887834971
1,4,"starvation",5.17699436467962
1,5,"control",8.9505834105633
1,5,"control",8.9288231256061
1,5,"control",7.96704535984908
1,5,"control",8.80070070998694
1,5,"control",8.88710354838069
1,5,"control",9.54022913295668
1,5,"control",8.60290437709288
1,5,"control",8.59486054453302
1,5,"control",8.90805785491447
1,5,"control",9.39557828613234
1,5,"half",7.23642231506076
1,5,"half",6.53336264794169
1,5,"half",7.16868126192971
1,5,"half",6.67145489773354
1,5,"half",6.65454075075588
1,5,"half",6.83375729889334
1,5,"half",5.82894169392201
1,5,"half",6.31875547136741
1,5,"half",7.12989154176559
1,5,"half",6.18302137797733
1,5,"starvation",5.80836594517699
1,5,"starvation",5.75670434073736
1,5,"starvation",5.47737167231069
1,5,"starvation",5.77606321757191
1,5,"starvation",6.03164247025016
1,5,"starvation",5.51537939480678
1,5,"starvation",5.08240350488436
1,5,"starvation",5.00032306218335
1,5,"starvation",5.2382041327953
1,5,"starvation",5.43360600769246
1,6,"control",9.07992338836083
1,6,"control",8.86889859520629
1,6,"control",9.34429866970628
1,6,"control",8.40102067955049
1,6,"control",8.18857850585188
1,6,"control",8.60908245347816
1,6,"control",8.70196147498605
1,6,"control",8.66825577697025
1,6,"control",8.49856700848441
1,6,"control",8.68908895219841
1,6,"half",8.38563517986999
1,6,"half",7.36611643969336
1,6,"half",7.94651523357085
1,6,"half",8.16670918968114
1,6,"half",8.36747320092618
1,6,"half",8.67128010672498
1,6,"half",8.33534870407364
1,6,"half",8.05378638438353
1,6,"half",7.21498274405124
1,6,"half",9.07931882766868
1,6,"starvation",4.52071107951716
1,6,"starvation",4.15884382110818
1,6,"starvation",4.49160284647801
1,6,"starvation",4.21804346654321
1,6,"starvation",4.20866550622073
1,6,"starvation",4.51868278210366
1,6,"starvation",3.97876398006031
1,6,"starvation",4.42416191214925
1,6,"starvation",4.23258174263557
1,6,"starvation",3.9612514585073
1,7,"control",8.59868247708265
1,7,"control",8.39967009179273
1,7,"control",8.42539908134715
1,7,"control",8.62415931637137
1,7,"control",8.44971554124694
1,7,"control",7.77861170183131
1,7,"control",8.41362620098036
1,7,"control",8.35122988702381
1,7,"control",8.84342480904069
1,7,"control",8.42730712525757
1,7,"half",7.66706235570677
1,7,"half",7.31958864635034
1,7,"half",6.62521348480572
1,7,"half",6.58962752592366
1,7,"half",7.32840017564354
1,7,"half",8.00308558717667
1,7,"half",6.54168003530118
1,7,"half",6.68219806094007
1,7,"half",6.95475100985011
1,7,"half",7.56917269038838
1,7,"starvation",1.83544097091164
1,7,"starvation",2.06552098145457
1,7,"starvation",1.58869906334782
1,7,"starvation",2.26744727683665
1,7,"starvation",2.58627961366183
1,7,"starvation",2.70247081079258
1,7,"starvation",1.95367302119587
1,7,"starvation",2.11491434654717
1,7,"starvation",2.418583503429
1,7,"starvation",2.35617383735275
1,8,"control",8.83343324403455
1,8,"control",9.95394018090721
1,8,"control",9.78109717573198
1,8,"control",9.40162844342179
1,8,"control",9.62449342938901
1,8,"control",9.53664375455439
1,8,"control",9.51065906481035
1,8,"control",9.51071939105008
1,8,"control",9.11378796946206
1,8,"control",9.76119115063067
1,8,"half",6.94995809361282
1,8,"half",6.01436475889878
1,8,"half",7.15704655504081
1,8,"half",7.23550735307732
1,8,"half",7.70123692292463
1,8,"half",6.51123146990562
1,8,"half",7.07624702701635
1,8,"half",7.75768119581977
1,8,"half",7.31801856174718
1,8,"half",7.18098430230922
1,8,"starvation",2.83532119953389
1,8,"starvation",3.47959207236291
1,8,"starvation",2.71752712935281
1,8,"starvation",2.85616221032967
1,8,"starvation",2.11707052878771
1,8,"starvation",2.74075049546501
1,8,"starvation",1.91658892637357
1,8,"starvation",3.02855999785168
1,8,"starvation",2.75074958393987
1,8,"starvation",2.90549711028607
1,9,"control",8.82966079014421
1,9,"control",10.0884072292657
1,9,"control",9.36081820998562
1,9,"control",9.23742659755748
1,9,"control",9.06487555061324
1,9,"control",9.38464698329436
1,9,"control",9.03198182818298
1,9,"control",9.31976631610366
1,9,"control",8.75088359576066
1,9,"control",8.89191341359149
1,9,"half",6.59001389885863
1,9,"half",6.88516589760536
1,9,"half",5.52206285836277
1,9,"half",6.04771635856517
1,9,"half",6.82288840940483
1,9,"half",6.06628945672899
1,9,"half",6.68075647814272
1,9,"half",5.73358049375668
1,9,"half",5.56461494122389
1,9,"half",6.20021905129481
1,9,"starvation",0.71158371629386
1,9,"starvation",0.632191879064818
1,9,"starvation",0.812797430242457
1,9,"starvation",0.679246181391058
1,9,"starvation",1.05629794422785
1,9,"starvation",1.10441294352733
1,9,"starvation",0.864653293066084
1,9,"starvation",0.510699222836922
1,9,"starvation",0.900450834032195
1,9,"starvation",1.27232652786329
1,10,"control",8.23389063994125
1,10,"control",8.35402337482205
1,10,"control",8.44970979163168
1,10,"control",8.20476650418445
1,10,"control",8.59985489113119
1,10,"control",8.69597854178887
1,10,"control",7.37025080290697
1,10,"control",8.17838915833135
1,10,"control",8.55972171338807
1,10,"control",7.83639753076607
1,10,"half",6.18906710919918
1,10,"half",5.71294991297387
1,10,"half",6.16721700466868
1,10,"half",5.80617850431306
1,10,"half",5.8678275587199
1,10,"half",5.88156481096633
1,10,"half",5.20293422048284
1,10,"half",5.72655864404804
1,10,"half",5.95792710754962
1,10,"half",5.96632187897894
1,10,"starvation",1.48855310422646
1,10,"starvation",1.09633194815142
1,10,"starvation",1.403677241065
1,10,"starvation",1.18438930471041
1,10,"starvation",1.2123553123991
1,10,"starvation",1.46620204702196
1,10,"starvation",1.970534060347
1,10,"starvation",0.825421983364653
1,10,"starvation",1.05391220847454
1,10,"starvation",0.636822863675192
2,0,"control",11.0679406769502
2,0,"control",12.2239644817828
2,0,"control",11.6835351922149
2,0,"control",11.8653391636101
2,0,"control",11.7157970532554
2,0,"control",11.3448906922624
2,0,"control",11.6659478189353
2,0,"control",11.9888420705666
2,0,"control",11.7096935009577
2,0,"control",11.2179608344705
2,0,"half",11.3425643251654
2,0,"half",11.9549209978435
2,0,"half",10.9516024172198
2,0,"half",11.6436095415439
2,0,"half",11.8200688368282
2,0,"half",11.4807443080562
2,0,"half",11.5587088166077
2,0,"half",11.0543348167678
2,0,"half",11.5504122072978
2,0,"half",11.5528994563371
2,0,"starvation",11.4164302852825
2,0,"starvation",12.1900094339238
2,0,"starvation",10.7607725707785
2,0,"starvation",10.8504761201619
2,0,"starvation",12.1296943780742
2,0,"starvation",11.2887752257333
2,0,"starvation",12.0860212716824
2,0,"starvation",12.7341400908847
2,0,"starvation",11.6685740274156
2,0,"starvation",11.038827388441
2,1,"control",11.9761522380743
2,1,"control",11.6559904653207
2,1,"control",11.8347517418729
2,1,"control",11.9288542905298
2,1,"control",11.1051137033599
2,1,"control",11.4897061569934
2,1,"control",11.6785947936086
2,1,"control",11.4829923214585
2,1,"control",12.1897112022086
2,1,"control",12.2682401400874
2,1,"half",10.8566695999466
2,1,"half",11.2592606519422
2,1,"half",11.2694000850853
2,1,"half",11.3695947169686
2,1,"half",11.3056581920816
2,1,"half",10.8489728792681
2,1,"half",10.9116026101315
2,1,"half",11.031425838075
2,1,"half",11.6044649305317
2,1,"half",11.5368757156259
2,1,"starvation",10.6813118398703
2,1,"starvation",10.9037300899729
2,1,"starvation",12.0515062091256
2,1,"starvation",10.9856249226121
2,1,"starvation",11.5974145665556
2,1,"starvation",11.113057569514
2,1,"starvation",10.8481199663119
2,1,"starvation",11.238131861512
2,1,"starvation",11.3533488769291
2,1,"starvation",10.8367391879814
2,2,"control",11.1664734924816
2,2,"control",11.8314164084445
2,2,"control",11.9494589441898
2,2,"control",11.4578579482434
2,2,"control",11.0409479031682
2,2,"control",11.4504007023935
2,2,"control",11.7286298044889
2,2,"control",11.2492635119887
2,2,"control",11.8234315157197
2,2,"control",11.5501327323098
2,2,"half",10.461910506464
2,2,"half",11.2683099734136
2,2,"half",12.0764426147148
2,2,"half",11.2695243641057
2,2,"half",11.3004175029102
2,2,"half",11.5194797118278
2,2,"half",11.5064613682664
2,2,"half",11.4964524691516
2,2,"half",11.2329189239681
2,2,"half",10.9241870932733
2,2,"starvation",9.22532182058907
2,2,"starvation",10.1599819367667
2,2,"starvation",9.96496414923128
2,2,"starvation",9.60175283966635
2,2,"starvation",10.0444376091092
2,2,"starvation",10.3772107465341
2,2,"starvation",9.68015629235512
2,2,"starvation",10.9697843813705
2,2,"starvation",10.323161718544
2,2,"starvation",9.77290972950718
2,3,"control",11.6242230609259
2,3,"control",12.111331126682
2,3,"control",11.4658804104862
2,3,"control",11.7998483980989
2,3,"control",12.4898854192533
2,3,"control",11.1780347714768
2,3,"control",11.4929147792475
2,3,"control",10.7453732359334
2,3,"control",11.9993516349231
2,3,"control",11.7151918364554
2,3,"half",11.0676515655558
2,3,"half",11.0519678520769
2,3,"half",10.6474420312229
2,3,"half",11.3526474978781
2,3,"half",11.2537313173125
2,3,"half",10.2828542630649
2,3,"half",11.2443946222979
2,3,"half",11.384240891257
2,3,"half",11.6502816234189
2,3,"half",11.632812045154
2,3,"starvation",9.44710511635637
2,3,"starvation",9.59340461762499
2,3,"starvation",9.68521983159649
2,3,"starvation",9.83893900550339
2,3,"starvation",9.47629758775146
2,3,"starvation",9.23383035155744
2,3,"starvation",9.28710145686856
2,3,"starvation",9.53490038931708
2,3,"starvation",8.80379079887277
2,3,"starvation",9.01627964468452
2,4,"control",11.4208623193494
2,4,"control",11.5395662543597
2,4,"control",11.2147644630472
2,4,"control",11.8422301216801
2,4,"control",11.5504195021037
2,4,"control",11.2730671016413
2,4,"control",12.0881212695385
2,4,"control",12.0186401688606
2,4,"control",11.2572734274996
2,4,"control",11.638364194074
2,4,"half",10.4530257657309
2,4,"half",10.8030741315152
2,4,"half",10.1330373203716
2,4,"half",10.7804591129847
2,4,"half",11.0930548227325
2,4,"half",10.3216068674215
2,4,"half",10.9993150338516
2,4,"half",11.4039553815224
2,4,"half",10.0651424083896
2,4,"half",10.0431162477566
2,4,"starvation",8.56364963385056
2,4,"starvation",7.91347346429012
2,4,"starvation",8.50794753518297
2,4,"starvation",7.89994470264437
2,4,"starvation",9.15690308937154
2,4,"starvation",8.62609345980081
2,4,"starvation",7.6827231366467
2,4,"starvation",8.38196116077641
2,4,"starvation",8.37128465280332
2,4,"starvation",8.81187838385225
2,5,"control",11.7665496462857
2,5,"control",11.5525875987054
2,5,"control",11.7669963609973
2,5,"control",11.3781281642012
2,5,"control",12.6328775201767
2,5,"control",11.5380246719133
2,5,"control",11.0550288975387
2,5,"control",11.8924718216029
2,5,"control",11.4515489775037
2,5,"control",11.1844986084615
2,5,"half",10.8509957309678
2,5,"half",10.770551571272
2,5,"half",11.0541400090933
2,5,"half",10.7116570394959
2,5,"half",11.2030738915614
2,5,"half",11.7310350305312
2,5,"half",11.0249422904838
2,5,"half",11.0547038379905
2,5,"half",10.4079260012307
2,5,"half",10.7312754831297
2,5,"starvation",7.81900546774583
2,5,"starvation",7.4766564875112
2,5,"starvation",7.88053114677582
2,5,"starvation",8.31101918099456
2,5,"starvation",7.92599585328034
2,5,"starvation",7.47966284107993
2,5,"starvation",7.83281925989273
2,5,"starvation",7.78410492814627
2,5,"starvation",8.1258925460784
2,5,"starvation",6.89888108391477
2,6,"control",11.4927205670883
2,6,"control",11.039913925529
2,6,"control",11.3968345459584
2,6,"control",11.4700561890642
2,6,"control",11.6464945721926
2,6,"control",11.3961706651262
2,6,"control",11.5478713705882
2,6,"control",11.0816811358075
2,6,"control",11.476068197719
2,6,"control",12.0805424964664
2,6,"half",11.379262439609
2,6,"half",11.3821576766731
2,6,"half",11.838507194321
2,6,"half",11.2956058414751
2,6,"half",11.5120862418211
2,6,"half",10.6662684608491
2,6,"half",11.1987950387437
2,6,"half",10.9209039209499
2,6,"half",11.1275996282002
2,6,"half",10.7403367917634
2,6,"starvation",6.7071666615312
2,6,"starvation",7.31931468709833
2,6,"starvation",6.96767050072139
2,6,"starvation",7.57086181139793
2,6,"starvation",6.16809026195313
2,6,"starvation",7.40055894745528
2,6,"starvation",7.36541253670986
2,6,"starvation",7.23996499410511
2,6,"starvation",6.71139035047359
2,6,"starvation",6.33384729036023
2,7,"control",10.9964221098061
2,7,"control",11.1856217192527
2,7,"control",10.5446273778238
2,7,"control",11.6598142377413
2,7,"control",11.426580048828
2,7,"control",11.5597521229227
2,7,"control",11.0854956432555
2,7,"control",11.1414178961288
2,7,"control",11.3886994160401
2,7,"control",11.0854164096399
2,7,"half",10.2786515230389
2,7,"half",10.5495880818426
2,7,"half",10.0816094392448
2,7,"half",10.2618594100616
2,7,"half",9.76749159803392
2,7,"half",9.73979472853026
2,7,"half",10.4421504433957
2,7,"half",10.5525001874378
2,7,"half",10.1374444734238
2,7,"half",9.61367063162579
2,7,"starvation",7.75022486950298
2,7,"starvation",7.90247208297132
2,7,"starvation",7.00767525000673
2,7,"starvation",6.26846369409989
2,7,"starvation",6.2188724036305
2,7,"starvation",6.50161005886546
2,7,"starvation",6.74823896394286
2,7,"starvation",6.99575608298581
2,7,"starvation",6.59124025608721
2,7,"starvation",6.25341401527922
2,8,"control",10.203958043004
2,8,"control",10.9165704907417
2,8,"control",9.95631647570693
2,8,"control",10.6713497084436
2,8,"control",10.3318270314436
2,8,"control",10.1402672243913
2,8,"control",10.7064967455289
2,8,"control",11.1080182813005
2,8,"control",10.5526896836911
2,8,"control",10.2553768431077
2,8,"half",9.77889034821395
2,8,"half",10.1079266477499
2,8,"half",9.73390640510819
2,8,"half",9.76135229646433
2,8,"half",8.83772397610031
2,8,"half",10.1271823524259
2,8,"half",9.90767686482533
2,8,"half",10.141679211425
2,8,"half",9.77422630856084
2,8,"half",9.43736758818695
2,8,"starvation",5.40665636377841
2,8,"starvation",5.58737861761505
2,8,"starvation",5.55547724913439
2,8,"starvation",5.91785446829739
2,8,"starvation",5.48732989609261
2,8,"starvation",5.86516301970991
2,8,"starvation",6.12799522354465
2,8,"starvation",5.75012593105713
2,8,"starvation",5.95253984632809
2,8,"starvation",4.90280200812479
2,9,"control",12.9120256673577
2,9,"control",12.4656576051741
2,9,"control",11.9895898791081
2,9,"control",13.4232099512209
2,9,"control",13.2030818524228
2,9,"control",13.1301332171805
2,9,"control",13.4035383970403
2,9,"control",12.5195028440655
2,9,"control",13.0776625279086
2,9,"control",12.1787563007779
2,9,"half",9.1721890069449
2,9,"half",9.41274592370883
2,9,"half",9.45485819809604
2,9,"half",9.59449477109114
2,9,"half",9.08384595572969
2,9,"half",9.12247373436911
2,9,"half",9.32168914063306
2,9,"half",9.30979133295686
2,9,"half",9.03578642914763
2,9,"half",9.6547026385273
2,9,"starvation",4.49534757888709
2,9,"starvation",3.72060258473752
2,9,"starvation",3.07245132817429
2,9,"starvation",4.3569365595818
2,9,"starvation",3.57377979941324
2,9,"starvation",4.08204377295381
2,9,"starvation",4.13086862576124
2,9,"starvation",3.45985739808651
2,9,"starvation",3.79428173510073
2,9,"starvation",3.70206051440757
2,10,"control",11.2731226463406
2,10,"control",11.291748268819
2,10,"control",11.9317976042155
2,10,"control",12.1238673536239
2,10,"control",11.2393419754119
2,10,"control",11.9347341379647
2,10,"control",12.0558341048689
2,10,"control",12.4402378966048
2,10,"control",11.8177760356233
2,10,"control",11.82504807074
2,10,"half",8.65744110735468
2,10,"half",7.36121431111851
2,10,"half",8.42416155421268
2,10,"half",7.87399349788449
2,10,"half",8.30806770158881
2,10,"half",8.62696172844766
2,10,"half",8.79316167031094
2,10,"half",8.41855263830222
2,10,"half",8.41635351194317
2,10,"half",8.65318869639097
2,10,"starvation",5.01221963115094
2,10,"starvation",4.68793149927795
2,10,"starvation",5.41567708846693
2,10,"starvation",4.62310478641535
2,10,"starvation",4.29147369842699
2,10,"starvation",4.81417695791835
2,10,"starvation",4.69500647523888
2,10,"starvation",5.02525934200936
2,10,"starvation",4.88145187550404
2,10,"starvation",4.53808795865272
3,0,"control",10.307817239521
3,0,"control",10.3102456643845
3,0,"control",10.7476110907853
3,0,"control",10.4237939897924
3,0,"control",10.3650288782121
3,0,"control",9.97849318392471
3,0,"control",9.8278901283136
3,0,"control",10.6247744007328
3,0,"control",10.0793294194052
3,0,"control",10.2464443388899
3,0,"half",10.9332537375749
3,0,"half",10.4816133697363
3,0,"half",10.2898433325009
3,0,"half",9.4713281776075
3,0,"half",10.3131973977006
3,0,"half",10.897159716335
3,0,"half",10.3233284962586
3,0,"half",10.7766901119159
3,0,"half",10.9884322860502
3,0,"half",10.3382595952371
3,0,"starvation",10.756185889607
3,0,"starvation",10.4859897088368
3,0,"starvation",10.3979831944831
3,0,"starvation",10.2233573171746
3,0,"starvation",10.7301059151433
3,0,"starvation",10.3491156491406
3,0,"starvation",10.5578371659451
3,0,"starvation",11.1404102657945
3,0,"starvation",10.384680606083
3,0,"starvation",10.6214486148624
3,1,"control",10.6784845939153
3,1,"control",11.2925800576972
3,1,"control",10.6660067046308
3,1,"control",10.515864498739
3,1,"control",10.4259593382589
3,1,"control",10.4621613953528
3,1,"control",10.6488155645023
3,1,"control",10.4309353615695
3,1,"control",10.2852678625646
3,1,"control",10.6504361170408
3,1,"half",10.4700972186242
3,1,"half",10.8750407161873
3,1,"half",10.9932243208627
3,1,"half",10.453423328596
3,1,"half",10.7564119330598
3,1,"half",10.7255870435713
3,1,"half",10.1403805231487
3,1,"half",9.85226330779172
3,1,"half",9.54681928071961
3,1,"half",10.2871248566794
3,1,"starvation",10.0128968865523
3,1,"starvation",10.1627804533907
3,1,"starvation",9.49743806872502
3,1,"starvation",9.04738002115697
3,1,"starvation",9.9236873478253
3,1,"starvation",9.62171594305641
3,1,"starvation",9.92290310127376
3,1,"starvation",9.45764915704442
3,1,"starvation",10.0430539335452
3,1,"starvation",9.85283350672917
3,2,"control",11.0857946652391
3,2,"control",9.84344102795683
3,2,"control",10.3964061965836
3,2,"control",11.1530240682193
3,2,"control",10.4085017117571
3,2,"control",10.0093113682129
3,2,"control",10.0293370703725
3,2,"control",9.93844268959904
3,2,"control",9.64086299855188
3,2,"control",11.2075087284611
3,2,"half",10.8458089295106
3,2,"half",10.0203529353263
3,2,"half",10.3181607551395
3,2,"half",10.006033057555
3,2,"half",9.99485119420443
3,2,"half",10.4768441671509
3,2,"half",10.7163736636224
3,2,"half",9.98659388025676
3,2,"half",10.0456545534527
3,2,"half",9.40867127157987
3,2,"starvation",8.56562436226988
3,2,"starvation",8.7138009243354
3,2,"starvation",8.63481307966535
3,2,"starvation",9.54008030117733
3,2,"starvation",8.84752019257013
3,2,"starvation",8.86335659857152
3,2,"starvation",8.78732584231873
3,2,"starvation",8.51030443568659
3,2,"starvation",8.52894243992368
3,2,"starvation",8.00973189075324
3,3,"control",10.7880717804154
3,3,"control",10.7119814794185
3,3,"control",10.7196792275289
3,3,"control",10.5305097391025
3,3,"control",11.248903101508
3,3,"control",10.6115548335585
3,3,"control",10.9258516318946
3,3,"control",10.6759917634671
3,3,"control",9.89827480105195
3,3,"control",11.2602921060907
3,3,"half",9.8560951411364
3,3,"half",10.2990338010007
3,3,"half",9.64356707788985
3,3,"half",9.59631203735412
3,3,"half",9.89424749700138
3,3,"half",8.74810216333056
3,3,"half",9.50585728582147
3,3,"half",10.1924257133803
3,3,"half",9.33064547899236
3,3,"half",9.5262076260562
3,3,"starvation",8.63788376293524
3,3,"starvation",8.9984975016858
3,3,"starvation",8.72848055552422
3,3,"starvation",8.47406076124692
3,3,"starvation",8.16241635017294
3,3,"starvation",8.94614977406414
3,3,"starvation",8.07148539469198
3,3,"starvation",8.00179912462477
3,3,"starvation",8.04203412245136
3,3,"starvation",7.61471643503232
3,4,"control",10.9266437345055
3,4,"control",10.8774854658479
3,4,"control",10.8644126892006
3,4,"control",10.7642100056083
3,4,"control",10.8213239347497
3,4,"control",11.1668385543706
3,4,"control",10.561812979371
3,4,"control",11.1262024198099
3,4,"control",10.8730328601558
3,4,"control",10.4085172709572
3,4,"half",8.47056954930969
3,4,"half",8.21231684528879
3,4,"half",9.40284242725023
3,4,"half",9.24605518551404
3,4,"half",8.78363376491112
3,4,"half",9.41491010705772
3,4,"half",9.97828219314006
3,4,"half",9.81212094310414
3,4,"half",9.2595500391417
3,4,"half",9.37764692838232
3,4,"starvation",7.98496367167793
3,4,"starvation",7.52127267477117
3,4,"starvation",8.29520466013166
3,4,"starvation",6.97826118313674
3,4,"starvation",8.51919978762367
3,4,"starvation",8.08622673892349
3,4,"starvation",7.55335921166543
3,4,"starvation",8.27884948328191
3,4,"starvation",7.89849157247614
3,4,"starvation",8.02132024762023
3,5,"control",10.6215254062685
3,5,"control",9.88497347822916
3,5,"control",10.3039098039644
3,5,"control",10.7009591329142
3,5,"control",9.84321348656873
3,5,"control",10.6391772673786
3,5,"control",10.2842132269015
3,5,"control",10.3373088285903
3,5,"control",10.2730164276805
3,5,"control",9.98994799468628
3,5,"half",9.29663385169653
3,5,"half",9.21836595532671
3,5,"half",9.81463597309418
3,5,"half",9.38838176874907
3,5,"half",9.2769431538131
3,5,"half",9.29614747708961
3,5,"half",9.56137596222426
3,5,"half",8.83900775028922
3,5,"half",9.70354623692901
3,5,"half",9.80356762160999
3,5,"starvation",7.18977682591973
3,5,"starvation",6.28479835068187
3,5,"starvation",6.3988160743612
3,5,"starvation",7.14255064004811
3,5,"starvation",6.38303510379922
3,5,"starvation",7.82375707402549
3,5,"starvation",6.17519914140942
3,5,"starvation",6.89439733146059
3,5,"starvation",7.4202449941667
3,5,"starvation",7.31008151025498
3,6,"control",11.6537099347196
3,6,"control",11.349571042148
3,6,"control",11.0288416939923
3,6,"control",11.5103374270303
3,6,"control",10.7008825374183
3,6,"control",10.8437186869167
3,6,"control",10.2530880228535
3,6,"control",11.4197090400413
3,6,"control",11.9147056378218
3,6,"control",11.0805695937784
3,6,"half",9.2686870809439
3,6,"half",9.31354737901704
3,6,"half",8.95823587394239
3,6,"half",9.41502983668865
3,6,"half",9.0810838183066
3,6,"half",8.89077476943964
3,6,"half",9.00675158023062
3,6,"half",9.95309186954241
3,6,"half",9.23286218446622
3,6,"half",9.87547967138166
3,6,"starvation",6.45850937811047
3,6,"starvation",6.55148770403599
3,6,"starvation",5.68288813362336
3,6,"starvation",6.22564319618627
3,6,"starvation",5.90104875298831
3,6,"starvation",5.42697125550915
3,6,"starvation",6.56813808862672
3,6,"starvation",5.8120555641433
3,6,"starvation",5.96455411130565
3,6,"starvation",5.70030981149252
3,7,"control",11.1051510825421
3,7,"control",11.3146661714059
3,7,"control",10.8560629565461
3,7,"control",10.4577417062443
3,7,"control",9.73883366684933
3,7,"control",10.4735581790727
3,7,"control",10.6626205924871
3,7,"control",10.3192000100297
3,7,"control",10.4231737070328
3,7,"control",9.49231401460939
3,7,"half",8.7748808733593
3,7,"half",8.28564030437638
3,7,"half",8.97863807552438
3,7,"half",8.71314429895303
3,7,"half",8.37691299589988
3,7,"half",9.39462891743086
3,7,"half",9.30015336959054
3,7,"half",8.95100845094096
3,7,"half",8.3426225858088
3,7,"half",9.14203821034334
3,7,"starvation",5.065166685023
3,7,"starvation",4.30925343776849
3,7,"starvation",4.1057115165055
3,7,"starvation",4.53280776026269
3,7,"starvation",4.49479875429458
3,7,"starvation",4.20980307127035
3,7,"starvation",4.09163230372847
3,7,"starvation",3.64542257408224
3,7,"starvation",3.87869717742913
3,7,"starvation",4.3743460321489
3,8,"control",11.2618605178958
3,8,"control",11.3288284721978
3,8,"control",10.3782577370944
3,8,"control",10.5315107883411
3,8,"control",10.0550130483066
3,8,"control",11.1913944937216
3,8,"control",9.97998835120247
3,8,"control",9.94645826900565
3,8,"control",10.1947374392423
3,8,"control",10.0958678645536
3,8,"half",8.52091200694362
3,8,"half",8.50265847165171
3,8,"half",9.18444887919432
3,8,"half",8.71165080475459
3,8,"half",9.70530598113191
3,8,"half",9.19240491924585
3,8,"half",9.10992211362741
3,8,"half",8.80465219123932
3,8,"half",8.91686445417075
3,8,"half",8.20461420245742
3,8,"starvation",1.82396301844177
3,8,"starvation",1.81617693640005
3,8,"starvation",2.24174532175569
3,8,"starvation",1.45928685875751
3,8,"starvation",2.036620859762
3,8,"starvation",2.42443173330095
3,8,"starvation",2.33910798303687
3,8,"starvation",2.38643746536328
3,8,"starvation",2.96193493791916
3,8,"starvation",2.17290587888499
3,9,"control",10.0558635865753
3,9,"control",9.37220323897545
3,9,"control",8.80294807855629
3,9,"control",9.23644236386444
3,9,"control",9.45084931753895
3,9,"control",9.69755879540502
3,9,"control",9.50273150724505
3,9,"control",9.14868274986168
3,9,"control",10.0655426948172
3,9,"control",9.62904922284046
3,9,"half",8.97965805604076
3,9,"half",9.80899714655391
3,9,"half",9.61217039466492
3,9,"half",9.8033363364787
3,9,"half",9.64349179945074
3,9,"half",9.83881645872266
3,9,"half",9.18861162914166
3,9,"half",9.32460000665834
3,9,"half",9.69415114140381
3,9,"half",10.0700060263236
3,9,"starvation",3.48669192241709
3,9,"starvation",3.98405727391862
3,9,"starvation",2.94173948527459
3,9,"starvation",3.27189595643308
3,9,"starvation",3.60724516028833
3,9,"starvation",3.79874011269431
3,9,"starvation",3.05209877223846
3,9,"starvation",2.68039542132423
3,9,"starvation",2.99443013079158
3,9,"starvation",2.79443384357026
3,10,"control",9.37340476459653
3,10,"control",9.83232028612369
3,10,"control",9.46309563786793
3,10,"control",9.50192953346235
3,10,"control",9.27789978095749
3,10,"control",9.12725890094272
3,10,"control",9.99945861438909
3,10,"control",9.48081399846225
3,10,"control",9.39342695689485
3,10,"control",8.85349122024892
3,10,"half",8.93553649798965
3,10,"half",8.13811831664741
3,10,"half",8.37391150194169
3,10,"half",8.55530015994306
3,10,"half",8.74233557152074
3,10,"half",8.3591385458702
3,10,"half",8.83224881207174
3,10,"half",9.37115643308564
3,10,"half",8.19899092569512
3,10,"half",7.86932439011664
3,10,"starvation",3.53661921435456
3,10,"starvation",4.52458952056452
3,10,"starvation",3.55483884078054
3,10,"starvation",3.50760208891002
3,10,"starvation",3.59125119262443
3,10,"starvation",3.5749553532195
3,10,"starvation",3.64773008204731
3,10,"starvation",3.46500190954743
3,10,"starvation",4.3039032219022
3,10,"starvation",3.87672269460546
4,0,"control",14.8084882647519
4,0,"control",14.2716679651679
4,0,"control",14.7110805925668
4,0,"control",14.4005424182216
4,0,"control",14.5794777766053
4,0,"control",14.3840642228337
4,0,"control",14.8312983598977
4,0,"control",13.8275531355355
4,0,"control",14.5518203699275
4,0,"control",15.4464270614455
4,0,"half",14.8183374900222
4,0,"half",14.436820470656
4,0,"half",14.2703444360015
4,0,"half",14.3799854540092
4,0,"half",13.9538981038088
4,0,"half",14.7044554096768
4,0,"half",14.6603786477437
4,0,"half",15.0807551953152
4,0,"half",14.2203505658837
4,0,"half",14.2351059411873
4,0,"starvation",14.8247225229446
4,0,"starvation",14.1091355159113
4,0,"starvation",13.8003674865353
4,0,"starvation",14.3557830444527
4,0,"starvation",15.0640489882175
4,0,"starvation",14.5306959924383
4,0,"starvation",15.1751903855129
4,0,"starvation",14.6432401630293
4,0,"starvation",14.3960096472877
4,0,"starvation",14.5251987044668
4,1,"control",14.8788241659384
4,1,"control",14.3065896301381
4,1,"control",14.5407935778679
4,1,"control",14.1334559181558
4,1,"control",13.7025659153601
4,1,"control",14.901755555702
4,1,"control",14.2813665754943
4,1,"control",14.1006735171452
4,1,"control",13.9358044976939
4,1,"control",14.7684327970277
4,1,"half",14.3843602767098
4,1,"half",14.2289692515637
4,1,"half",14.3542186828114
4,1,"half",14.2388286568451
4,1,"half",13.7653722399078
4,1,"half",14.5473385511656
4,1,"half",13.8147835405902
4,1,"half",13.8344970093722
4,1,"half",14.4669445013403
4,1,"half",13.5263648002037
4,1,"starvation",13.3327181695315
4,1,"starvation",13.2482784259962
4,1,"starvation",13.9053957698999
4,1,"starvation",13.5803009394154
4,1,"starvation",13.2897404963606
4,1,"starvation",13.356586685173
4,1,"starvation",13.2523197019907
4,1,"starvation",12.4680828405315
4,1,"starvation",13.3594421265447
4,1,"starvation",13.5965057353652
4,2,"control",13.7645359997509
4,2,"control",14.3187790225029
4,2,"control",13.7794265975031
4,2,"control",13.8596339216367
4,2,"control",14.2144673552089
4,2,"control",14.6586132110037
4,2,"control",14.8535029548497
4,2,"control",14.4013223702062
4,2,"control",14.6568959033517
4,2,"control",15.1739745945674
4,2,"half",13.8546924758001
4,2,"half",13.562509617795
4,2,"half",14.1342923729237
4,2,"half",13.8164870579386
4,2,"half",13.6868715713316
4,2,"half",14.3303366830567
4,2,"half",13.9914085222412
4,2,"half",13.1412932870251
4,2,"half",13.9530511352806
4,2,"half",15.0074396179488
4,2,"starvation",12.8124272498421
4,2,"starvation",12.3572993522598
4,2,"starvation",11.5059718252779
4,2,"starvation",12.3865936741486
4,2,"starvation",12.7351820565886
4,2,"starvation",12.0034562908364
4,2,"starvation",12.3388557297457
4,2,"starvation",12.3640186466811
4,2,"starvation",12.7843954506908
4,2,"starvation",12.2595856120093
4,3,"control",14.2241781825629
4,3,"control",14.864292766644
4,3,"control",14.7025743861219
4,3,"control",14.1994618346492
4,3,"control",14.3256384724174
4,3,"control",14.3126156037093
4,3,"control",14.24716092399
4,3,"control",14.9875705635936
4,3,"control",13.9862158457316
4,3,"control",14.4466685138287
4,3,"half",13.8353776668371
4,3,"half",14.4090796642931
4,3,"half",15.026403505158
4,3,"half",14.1818425996731
4,3,"half",13.6512734843478
4,3,"half",14.1344073183028
4,3,"half",14.0833193646318
4,3,"half",13.8056893713234
4,3,"half",14.8306838301307
4,3,"half",14.2681616130751
4,3,"starvation",12.4088594033097
4,3,"starvation",12.0893563246515
4,3,"starvation",11.9654249606966
4,3,"starvation",12.4870539457464
4,3,"starvation",12.5988552118094
4,3,"starvation",12.6869920375707
4,3,"starvation",12.0061609464952
4,3,"starvation",12.5266706431015
4,3,"starvation",11.6144439409721
4,3,"starvation",12.3900259515789
4,4,"control",14.0960469157519
4,4,"control",14.3461769800933
4,4,"control",13.8131905397568
4,4,"control",13.9480723630816
4,4,"control",14.2240574778859
4,4,"control",15.0386021794571
4,4,"control",13.6467853616351
4,4,"control",13.753351308104
4,4,"control",13.8175579387649
4,4,"control",14.7036466001701
4,4,"half",13.7878950660433
4,4,"half",13.5815660814917
4,4,"half",13.1064806563008
4,4,"half",14.0325671583285
4,4,"half",13.5943480557885
4,4,"half",13.4955795128019
4,4,"half",13.4982781833046
4,4,"half",14.30400283892
4,4,"half",14.1615076537813
4,4,"half",14.0766695635572
4,4,"starvation",11.1060616108285
4,4,"starvation",11.1865638190504
4,4,"starvation",11.0601923779496
4,4,"starvation",10.6046146881041
4,4,"starvation",11.8942685112233
4,4,"starvation",11.1046152919076
4,4,"starvation",11.4921627145564
4,4,"starvation",10.6661389648571
4,4,"starvation",10.8789873411376
4,4,"starvation",11.1342802149766
4,5,"control",13.6126543141215
4,5,"control",13.839902598156
4,5,"control",14.2018979479638
4,5,"control",13.8106066771736
4,5,"control",13.8194894156407
4,5,"control",14.6919796339117
4,5,"control",14.3323112200639
4,5,"control",14.2203911603927
4,5,"control",14.2067151009618
4,5,"control",14.269876576124
4,5,"half",12.7406666623823
4,5,"half",13.2842014117838
4,5,"half",13.2354993934196
4,5,"half",12.855662077194
4,5,"half",12.9897770916544
4,5,"half",13.243053578991
4,5,"half",13.5289267653144
4,5,"half",13.2533701050793
4,5,"half",12.7470104304117
4,5,"half",13.335159290631
4,5,"starvation",10.2168179786217
4,5,"starvation",10.3631498128136
4,5,"starvation",10.6235313380258
4,5,"starvation",10.5907585751997
4,5,"starvation",10.5620645990015
4,5,"starvation",9.84418950896171
4,5,"starvation",10.1785426742283
4,5,"starvation",10.6076653887418
4,5,"starvation",10.0659676410162
4,5,"starvation",9.99501121161471
4,6,"control",13.4519460221418
4,6,"control",14.0464869692143
4,6,"control",13.2569046993656
4,6,"control",13.9143058677533
4,6,"control",13.9713995931581
4,6,"control",13.4039893045538
4,6,"control",14.0818767716202
4,6,"control",13.441211944749
4,6,"control",13.8200071948969
4,6,"control",14.0187188295795
4,6,"half",14.0338392233371
4,6,"half",12.7410403684881
4,6,"half",13.8034351009468
4,6,"half",13.1579003057948
4,6,"half",13.0456053911315
4,6,"half",13.8957187964774
4,6,"half",13.0120800837734
4,6,"half",13.4691232249452
4,6,"half",12.9138525666753
4,6,"half",13.4750973364504
4,6,"starvation",10.492989352718
4,6,"starvation",10.8855720471329
4,6,"starvation",10.3157078085544
4,6,"starvation",10.1457398996873
4,6,"starvation",10.7389307650532
4,6,"starvation",10.5709871873259
4,6,"starvation",11.2623887676423
4,6,"starvation",10.3304731118159
4,6,"starvation",10.9273126239577
4,6,"starvation",10.4575740133309
4,7,"control",13.2526852451687
4,7,"control",13.5588449102027
4,7,"control",14.1407022830251
4,7,"control",13.7092678984326
4,7,"control",13.499835896763
4,7,"control",13.0540665918814
4,7,"control",13.7822326421415
4,7,"control",13.8185632992671
4,7,"control",13.7306890583209
4,7,"control",13.7273542308041
4,7,"half",12.5097666862401
4,7,"half",12.8323750791811
4,7,"half",13.206718156504
4,7,"half",12.3162728329949
4,7,"half",12.3013685899453
4,7,"half",12.5158207974806
4,7,"half",12.1543005817326
4,7,"half",12.4638245194958
4,7,"half",12.0066632536182
4,7,"half",12.2172687289301
4,7,"starvation",7.70192548954511
4,7,"starvation",8.70396680240403
4,7,"starvation",7.99494506310207
4,7,"starvation",7.50501466345283
4,7,"starvation",8.45439492482738
4,7,"starvation",7.89631030114114
4,7,"starvation",7.87750347970344
4,7,"starvation",8.23602318412914
4,7,"starvation",8.34160609449486
4,7,"starvation",7.51247143328639
4,8,"control",13.1585456205397
4,8,"control",13.287067558189
4,8,"control",12.825986005057
4,8,"control",13.925098597296
4,8,"control",13.8316174422749
4,8,"control",13.0384792237912
4,8,"control",14.1914749113171
4,8,"control",13.8560412596004
4,8,"control",13.8270058980081
4,8,"control",13.4352778744541
4,8,"half",14.1179610202501
4,8,"half",13.8242442084625
4,8,"half",13.7402776297232
4,8,"half",13.4706278601458
4,8,"half",15.1129739358369
4,8,"half",12.9520399957197
4,8,"half",14.1955201933868
4,8,"half",13.5712706136227
4,8,"half",14.7513252453454
4,8,"half",14.0670355715379
4,8,"starvation",9.08952505989858
4,8,"starvation",7.7771845201656
4,8,"starvation",8.33797764609304
4,8,"starvation",9.02212925565994
4,8,"starvation",8.39163358696957
4,8,"starvation",8.46742180927511
4,8,"starvation",8.74833879397389
4,8,"starvation",8.05696064944261
4,8,"starvation",8.99920331265236
4,8,"starvation",8.85076360434202
4,9,"control",14.6447114940301
4,9,"control",14.6924204653058
4,9,"control",14.8690960633439
4,9,"control",15.6912950186319
4,9,"control",15.4118509873247
4,9,"control",15.2357107727729
4,9,"control",15.0617195401952
4,9,"control",15.2459027036723
4,9,"control",15.1648542562818
4,9,"control",15.0701378275433
4,9,"half",13.8291168126362
4,9,"half",12.8305419461222
4,9,"half",12.5042511452344
4,9,"half",13.4364956339395
4,9,"half",12.285365829776
4,9,"half",12.5451148874244
4,9,"half",12.4668367840978
4,9,"half",12.9199487744286
4,9,"half",12.8179140214622
4,9,"half",12.80553148425
4,9,"starvation",7.04345069171677
4,9,"starvation",7.06245931767108
4,9,"starvation",6.35665961658044
4,9,"starvation",6.35412931078568
4,9,"starvation",6.45071420462314
4,9,"starvation",6.8969830251633
4,9,"starvation",6.75233371775845
4,9,"starvation",6.2545786983654
4,9,"starvation",6.51841681641582
4,9,"starvation",6.86077696467615
4,10,"control",15.0830688105376
4,10,"control",14.1411201862274
4,10,"control",14.6060604949991
4,10,"control",14.1882527256449
4,10,"control",14.8118136237527
4,10,"control",14.5684557170445
4,10,"control",14.7365749525729
4,10,"control",14.9748098439028
4,10,"control",14.4330222068425
4,10,"control",14.5460161840176
4,10,"half",11.6939890167869
4,10,"half",11.6179160116112
4,10,"half",11.5877498731031
4,10,"half",12.1089116695272
4,10,"half",11.0720053624711
4,10,"half",12.109941482495
4,10,"half",11.1456810967523
4,10,"half",12.6737664580502
4,10,"half",12.230190868107
4,10,"half",12.2045736942804
4,10,"starvation",5.60054531039017
4,10,"starvation",5.73969737928978
4,10,"starvation",5.58361714921704
4,10,"starvation",5.29007284422239
4,10,"starvation",5.85693089723438
4,10,"starvation",6.23112669064901
4,10,"starvation",5.56641401994415
4,10,"starvation",5.29688400682061
4,10,"starvation",6.10332844819448
4,10,"starvation",5.57786592264406
5,0,"control",10.0117145142145
5,0,"control",9.80149147225492
5,0,"control",9.2682327883526
5,0,"control",9.50861048740942
5,0,"control",9.00339885692492
5,0,"control",9.04438313775811
5,0,"control",9.5711687743403
5,0,"control",10.2177451406719
5,0,"control",9.86546622724331
5,0,"control",10.5071928472411
5,0,"half",8.98481158551273
5,0,"half",9.39194945038722
5,0,"half",10.5409610061654
5,0,"half",9.63354390676145
5,0,"half",9.84475613734234
5,0,"half",9.71202152573585
5,0,"half",9.74052645744067
5,0,"half",9.32850365849891
5,0,"half",9.97949429147562
5,0,"half",9.64585596350052
5,0,"starvation",9.57877576555209
5,0,"starvation",10.4102491084811
5,0,"starvation",9.65841421569469
5,0,"starvation",9.34472502722399
5,0,"starvation",9.81547095257829
5,0,"starvation",10.3570266816149
5,0,"starvation",9.7911539697225
5,0,"starvation",9.39908885855483
5,0,"starvation",9.57012579069881
5,0,"starvation",9.84793680575475
5,1,"control",10.1809173460245
5,1,"control",9.47445089308136
5,1,"control",9.72307811795234
5,1,"control",9.44320889731043
5,1,"control",10.957679119135
5,1,"control",9.82899346223444
5,1,"control",9.32080952900355
5,1,"control",9.02277266910648
5,1,"control",10.2981530819749
5,1,"control",10.2051406300236
5,1,"half",9.58096336165536
5,1,"half",9.40015931032481
5,1,"half",9.23886411017742
5,1,"half",9.08080281047478
5,1,"half",9.77829554710641
5,1,"half",9.04634286164795
5,1,"half",9.01636224889108
5,1,"half",9.4560952714253
5,1,"half",9.25052885338803
5,1,"half",10.1695944153035
5,1,"starvation",9.1508459395973
5,1,"starvation",9.58581788414828
5,1,"starvation",9.49648816510002
5,1,"starvation",8.7065763114565
5,1,"starvation",8.34684607930442
5,1,"starvation",8.7895720364566
5,1,"starvation",9.41275305954611
5,1,"starvation",7.94631585145409
5,1,"starvation",9.48547892615954
5,1,"starvation",9.07416290757394
5,2,"control",9.7483952338768
5,2,"control",8.89145566235958
5,2,"control",9.37386765366721
5,2,"control",10.4060371790796
5,2,"control",9.630589164759
5,2,"control",9.17620792654378
5,2,"control",9.39266273822393
5,2,"control",9.39336475154704
5,2,"control",9.95912028550761
5,2,"control",9.9599580309361
5,2,"half",8.71202121078932
5,2,"half",9.75775603760014
5,2,"half",9.04018350501637
5,2,"half",9.52045534423282
5,2,"half",9.41933310167871
5,2,"half",8.85096291910008
5,2,"half",9.06584908722368
5,2,"half",9.28378348901432
5,2,"half",9.05573038724722
5,2,"half",9.08966050180889
5,2,"starvation",8.86079754527798
5,2,"starvation",8.55334807705796
5,2,"starvation",8.21998702171208
5,2,"starvation",8.19576476499133
5,2,"starvation",8.72654262584439
5,2,"starvation",8.38892743293261
5,2,"starvation",7.58472281143596
5,2,"starvation",7.96942711540932
5,2,"starvation",8.4906400919333
5,2,"starvation",8.95558418970995
5,3,"control",10.110481461308
5,3,"control",9.94536020164666
5,3,"control",9.99231606926403
5,3,"control",9.64029897820588
5,3,"control",10.2687226195822
5,3,"control",9.80183833062951
5,3,"control",9.42525083292807
5,3,"control",10.1444024637866
5,3,"control",9.47515762548184
5,3,"control",9.57378336918153
5,3,"half",8.21421862511207
5,3,"half",8.89563262747882
5,3,"half",9.00038239697738
5,3,"half",8.54485559430707
5,3,"half",8.9463048126263
5,3,"half",9.03809414452096
5,3,"half",8.513386852848
5,3,"half",9.06298961060785
5,3,"half",9.15214270165597
5,3,"half",8.2253884795314
5,3,"starvation",8.09004643068958
5,3,"starvation",7.62819003321212
5,3,"starvation",8.09904457929717
5,3,"starvation",7.12516762172692
5,3,"starvation",7.31139367521557
5,3,"starvation",8.14843806094759
5,3,"starvation",8.24051440180243
5,3,"starvation",7.1957373154622
5,3,"starvation",7.59792028192932
5,3,"starvation",8.03783659543492
5,4,"control",8.91424112017265
5,4,"control",9.52312017108965
5,4,"control",9.10260645210364
5,4,"control",10.1509859225932
5,4,"control",8.76282448203434
5,4,"control",9.92349023080966
5,4,"control",9.31575080479564
5,4,"control",9.41196484055553
5,4,"control",10.1133765141573
5,4,"control",10.397438519622
5,4,"half",9.43955630860704
5,4,"half",10.0889297612044
5,4,"half",9.86839174209259
5,4,"half",9.29884780995986
5,4,"half",9.27147040223756
5,4,"half",9.36136561030346
5,4,"half",10.0835612601604
5,4,"half",9.34858640525342
5,4,"half",9.32811134982558
5,4,"half",10.1341345272015
5,4,"starvation",6.98585631259521
5,4,"starvation",6.71928271120923
5,4,"starvation",6.5911650148522
5,4,"starvation",6.79799832108557
5,4,"starvation",6.5090426124481
5,4,"starvation",6.42221557490789
5,4,"starvation",6.68187476851898
5,4,"starvation",6.83886803786341
5,4,"starvation",6.89037350996523
5,4,"starvation",7.31941625964294
5,5,"control",10.0256258085007
5,5,"control",9.63080320819206
5,5,"control",9.80871545633444
5,5,"control",9.20081921324619
5,5,"control",9.62522210222635
5,5,"control",9.58083575836593
5,5,"control",9.39586806954419
5,5,"control",9.93668574168333
5,5,"control",9.67179921373663
5,5,"control",9.36365746804225
5,5,"half",8.19300654408139
5,5,"half",9.001714678961
5,5,"half",8.71503149692164
5,5,"half",8.1415923266111
5,5,"half",7.89344695658124
5,5,"half",8.3334332180067
5,5,"half",8.22253516818892
5,5,"half",8.75920175540935
5,5,"half",8.52936288938986
5,5,"half",7.91718099853436
5,5,"starvation",4.78416393385102
5,5,"starvation",4.52726903822237
5,5,"starvation",5.21630308832115
5,5,"starvation",4.32409184445137
5,5,"starvation",4.88694417869151
5,5,"starvation",5.11355553933195
5,5,"starvation",5.13104749325101
5,5,"starvation",4.6037196130945
5,5,"starvation",5.20714498431141
5,5,"starvation",5.25396586772574
5,6,"control",10.1330794706357
5,6,"control",9.79130405659438
5,6,"control",10.1956196338253
5,6,"control",10.0705270042271
5,6,"control",9.08597004562789
5,6,"control",9.52786983079819
5,6,"control",9.57324524556809
5,6,"control",9.43757467200175
5,6,"control",9.70703296642429
5,6,"control",8.95762851619427
5,6,"half",8.81051739796401
5,6,"half",8.24985160832531
5,6,"half",8.92057270021004
5,6,"half",8.69864479898215
5,6,"half",8.88737973965366
5,6,"half",9.53807002660019
5,6,"half",8.89222763697232
5,6,"half",8.70437520529003
5,6,"half",9.15820558546409
5,6,"half",8.72865193893706
5,6,"starvation",5.66228943566806
5,6,"starvation",5.16208997676132
5,6,"starvation",4.89994578653829
5,6,"starvation",5.27712711152847
5,6,"starvation",5.4891664160531
5,6,"starvation",5.36819756925503
5,6,"starvation",5.57283471982589
5,6,"starvation",5.96838768969345
5,6,"starvation",6.12894647357202
5,6,"starvation",5.41584695840741
5,7,"control",10.5219578947514
5,7,"control",9.93721046051236
5,7,"control",10.6902446920605
5,7,"control",9.72621932700016
5,7,"control",10.5306017618598
5,7,"control",10.9300218953205
5,7,"control",10.2284974779153
5,7,"control",10.8302471243924
5,7,"control",9.97758559745396
5,7,"control",9.60723240720658
5,7,"half",9.39391899725651
5,7,"half",8.95439901405745
5,7,"half",8.82816422660589
5,7,"half",9.23243760005297
5,7,"half",9.83878874306629
5,7,"half",8.91591675488933
5,7,"half",8.38362803689847
5,7,"half",7.88997730577506
5,7,"half",8.63952025426635
5,7,"half",8.94297138610452
5,7,"starvation",4.84785126460928
5,7,"starvation",4.43202660562245
5,7,"starvation",5.4635560351095
5,7,"starvation",4.74877606811097
5,7,"starvation",4.74069101790679
5,7,"starvation",4.71625433011398
5,7,"starvation",4.81401842760458
5,7,"starvation",4.88019735002087
5,7,"starvation",5.52027875586889
5,7,"starvation",4.66829064322553
5,8,"control",9.68498741230573
5,8,"control",9.1013073305826
5,8,"control",9.06414593095453
5,8,"control",9.45345060136546
5,8,"control",8.85474789607904
5,8,"control",9.25641549755766
5,8,"control",9.3360503991872
5,8,"control",9.39767633884879
5,8,"control",9.33663128014082
5,8,"control",8.82607950390734
5,8,"half",7.65531607399384
5,8,"half",7.64070324268146
5,8,"half",7.7994348956017
5,8,"half",8.2440837969552
5,8,"half",8.37744502001903
5,8,"half",8.03684666375337
5,8,"half",7.76857479905223
5,8,"half",7.91350020452739
5,8,"half",8.37581153622667
5,8,"half",7.35020125015434
5,8,"starvation",2.79453017342092
5,8,"starvation",3.64150400691921
5,8,"starvation",3.04901323603205
5,8,"starvation",3.4624935499514
5,8,"starvation",2.5070954067806
5,8,"starvation",3.37646716835891
5,8,"starvation",3.70003121197744
5,8,"starvation",3.07116222060769
5,8,"starvation",3.16823186264877
5,8,"starvation",3.41129143752924
5,9,"control",8.41441781247097
5,9,"control",8.8384492710517
5,9,"control",8.72559999656554
5,9,"control",8.84925386645487
5,9,"control",8.27697240489799
5,9,"control",8.88417438168625
5,9,"control",8.68041978690805
5,9,"control",8.92376856000962
5,9,"control",8.79192601869907
5,9,"control",8.57946089114084
5,9,"half",6.25015166191824
5,9,"half",6.05792747044644
5,9,"half",6.81238078296707
5,9,"half",6.43109781176946
5,9,"half",7.52567984434863
5,9,"half",6.14665601142668
5,9,"half",6.92294120209468
5,9,"half",6.03205609328092
5,9,"half",6.754995852651
5,9,"half",6.7538824699933
5,9,"starvation",3.33989972492169
5,9,"starvation",2.7069221359603
5,9,"starvation",3.71816395697082
5,9,"starvation",2.43438207451807
5,9,"starvation",3.2310805715734
5,9,"starvation",2.25427249147783
5,9,"starvation",2.46416083606416
5,9,"starvation",3.16885720019977
5,9,"starvation",2.66610235546223
5,9,"starvation",2.94130002543605
5,10,"control",9.01082542934065
5,10,"control",8.38502133985993
5,10,"control",8.67510803224288
5,10,"control",9.00907674433857
5,10,"control",8.53978214094001
5,10,"control",9.43051049579051
5,10,"control",9.39044200321862
5,10,"control",9.58196077781931
5,10,"control",8.67435592024832
5,10,"control",8.4996585085098
5,10,"half",8.55889109393413
5,10,"half",7.49241489311322
5,10,"half",7.66711109613476
5,10,"half",7.95946421309967
5,10,"half",7.444166879973
5,10,"half",7.28528847519251
5,10,"half",8.2791105518088
5,10,"half",7.43281609673093
5,10,"half",8.14725954181895
5,10,"half",7.47371414088055
5,10,"starvation",2.37643597424265
5,10,"starvation",2.35957582858565
5,10,"starvation",2.05922328094441
5,10,"starvation",2.24896457783985
5,10,"starvation",2.32131753620986
5,10,"starvation",1.54931295620022
5,10,"starvation",3.21049257361194
5,10,"starvation",1.62682083140115
5,10,"starvation",2.13958048288929
5,10,"starvation",2.42069721276024
6,0,"control",11.5349429796459
6,0,"control",11.7284144634947
6,0,"control",11.1943598498749
6,0,"control",10.7442139093282
6,0,"control",11.2377593177998
6,0,"control",11.720606693456
6,0,"control",11.6467502511979
6,0,"control",12.1700917957592
6,0,"control",11.5286509458864
6,0,"control",11.982761134917
6,0,"half",11.3574330760273
6,0,"half",11.7688868525263
6,0,"half",11.0379583327938
6,0,"half",11.5174785143199
6,0,"half",11.1851679534615
6,0,"half",11.3481770708121
6,0,"half",11.2482682701577
6,0,"half",11.264428900352
6,0,"half",10.7182575738617
6,0,"half",10.8364679954978
6,0,"starvation",11.7529030529258
6,0,"starvation",11.685679607994
6,0,"starvation",10.890621170432
6,0,"starvation",11.7146560069013
6,0,"starvation",11.5932751319549
6,0,"starvation",11.3125735497842
6,0,"starvation",11.4503861089083
6,0,"starvation",11.679139481435
6,0,"starvation",11.3310095849189
6,0,"starvation",11.5954175122731
6,1,"control",11.9359632072647
6,1,"control",12.3968812544346
6,1,"control",11.9145203424115
6,1,"control",11.9278048275492
6,1,"control",10.9683656109358
6,1,"control",11.5832886405339
6,1,"control",11.5491569466185
6,1,"control",11.3640225001943
6,1,"control",11.4917602072821
6,1,"control",11.3586666563419
6,1,"half",11.2340848164228
6,1,"half",11.8395820322677
6,1,"half",11.122296179127
6,1,"half",11.7295285507876
6,1,"half",10.9564204901161
6,1,"half",12.2200880834619
6,1,"half",11.6870206839667
6,1,"half",11.850161988964
6,1,"half",10.93849250734
6,1,"half",11.002408839664
6,1,"starvation",11.2980379460445
6,1,"starvation",10.1734639711755
6,1,"starvation",11.2985466622682
6,1,"starvation",10.7850934583904
6,1,"starvation",11.4791348943234
6,1,"starvation",10.5619462151252
6,1,"starvation",10.7223152687199
6,1,"starvation",11.2802694628106
6,1,"starvation",11.5699098233113
6,1,"starvation",11.0823173296035
6,2,"control",11.1646943906582
6,2,"control",11.8520868332069
6,2,"control",11.6372495871019
6,2,"control",12.015058652665
6,2,"control",11.5349806347386
6,2,"control",11.4815445749613
6,2,"control",11.4977188607078
6,2,"control",11.3792687216371
6,2,"control",11.6861811679883
6,2,"control",10.9273039380238
6,2,"half",10.7659156106725
6,2,"half",10.4932433749791
6,2,"half",10.5968894636634
6,2,"half",11.0188136382564
6,2,"half",10.5333176694878
6,2,"half",10.834709880717
6,2,"half",11.0828196727319
6,2,"half",10.4865380718691
6,2,"half",10.5943107965053
6,2,"half",11.2566335768567
6,2,"starvation",9.4668251758862
6,2,"starvation",10.1959939645315
6,2,"starvation",9.88175971679599
6,2,"starvation",10.4706762190716
6,2,"starvation",10.0892375225199
6,2,"starvation",9.4645541300598
6,2,"starvation",9.56450024567253
6,2,"starvation",10.1282456888725
6,2,"starvation",10.2126732154081
6,2,"starvation",9.81590293134362
6,3,"control",10.7788664098505
6,3,"control",11.3009843461302
6,3,"control",11.1781016841765
6,3,"control",11.5765253470761
6,3,"control",10.8556830585854
6,3,"control",11.9570153863038
6,3,"control",10.9649904357619
6,3,"control",10.9888772494564
6,3,"control",10.6862074891845
6,3,"control",11.093467264744
6,3,"half",10.8963049291038
6,3,"half",10.4049383647491
6,3,"half",11.5247866860644
6,3,"half",11.1363914952859
6,3,"half",11.3999623315507
6,3,"half",10.8325992157576
6,3,"half",11.7874012573979
6,3,"half",11.217747083898
6,3,"half",11.1904328791129
6,3,"half",10.4074438977763
6,3,"starvation",8.59344749202545
6,3,"starvation",9.13724082336905
6,3,"starvation",9.46702562618105
6,3,"starvation",9.58165961908239
6,3,"starvation",9.41840816334453
6,3,"starvation",9.537714159606
6,3,"starvation",10.5153966490974
6,3,"starvation",9.87368592117088
6,3,"starvation",9.56356366916801
6,3,"starvation",9.57190226321582
6,4,"control",11.7362780377205
6,4,"control",11.5940110348971
6,4,"control",12.4874879196717
6,4,"control",11.9612806968937
6,4,"control",12.0792766534749
6,4,"control",12.3902133163405
6,4,"control",11.8079720451615
6,4,"control",11.7845153210483
6,4,"control",12.1797609219304
6,4,"control",13.0973376567603
6,4,"half",10.4678589638541
6,4,"half",9.87981409792219
6,4,"half",9.27851417580202
6,4,"half",10.1528947480173
6,4,"half",9.44996795263553
6,4,"half",8.85952810410015
6,4,"half",9.88210988646664
6,4,"half",10.1268264488715
6,4,"half",9.42314993782203
6,4,"half",10.4949093461664
6,4,"starvation",7.9065478649672
6,4,"starvation",8.55129814207215
6,4,"starvation",7.80821735369004
6,4,"starvation",8.41038462413807
6,4,"starvation",7.48293032739385
6,4,"starvation",7.83706341359608
6,4,"starvation",7.45367719071204
6,4,"starvation",8.54628594391612
6,4,"starvation",8.27226526954942
6,4,"starvation",8.39146688352526
6,5,"control",11.383622683219
6,5,"control",11.2196449210427
6,5,"control",11.2685229189888
6,5,"control",11.4089748815821
6,5,"control",10.9344172971963
6,5,"control",11.7682570222216
6,5,"control",11.3375499090069
6,5,"control",11.1200619314634
6,5,"control",11.8065214246698
6,5,"control",12.0191230020777
6,5,"half",10.1715465347155
6,5,"half",9.83973424153737
6,5,"half",9.90893518576158
6,5,"half",9.50211579377936
6,5,"half",10.2669403418427
6,5,"half",9.77178764476347
6,5,"half",10.6875088543804
6,5,"half",9.86169634260623
6,5,"half",10.6261933977004
6,5,"half",10.2701722115731
6,5,"starvation",7.38521266816744
6,5,"starvation",7.5458482327711
6,5,"starvation",7.34978894320437
6,5,"starvation",7.17661963943178
6,5,"starvation",7.61727099931283
6,5,"starvation",7.51375187065452
6,5,"starvation",7.65274640032015
6,5,"starvation",7.29755000937571
6,5,"starvation",6.74191658370446
6,5,"starvation",6.8395135021756
6,6,"control",10.0925125071597
6,6,"control",10.99091116476
6,6,"control",10.2772190622502
6,6,"control",9.93539795521212
6,6,"control",10.7159389470199
6,6,"control",10.5924505325204
6,6,"control",10.8544893903904
6,6,"control",10.9436633600203
6,6,"control",10.5902071256937
6,6,"control",10.7393760833119
6,6,"half",10.733753878432
6,6,"half",10.7357115058435
6,6,"half",10.2305555061299
6,6,"half",10.342643890408
6,6,"half",9.79785066665423
6,6,"half",10.7456167617682
6,6,"half",10.4101539814867
6,6,"half",10.732732981285
6,6,"half",10.4547717806837
6,6,"half",11.1139388024041
6,6,"starvation",6.76930580355285
6,6,"starvation",8.16385449834367
6,6,"starvation",7.00353768711385
6,6,"starvation",6.2965699166495
6,6,"starvation",6.92464823550039
6,6,"starvation",8.17804652243208
6,6,"starvation",8.06000320208248
6,6,"starvation",7.22556771975073
6,6,"starvation",7.15008764090896
6,6,"starvation",6.52186076332812
6,7,"control",12.0296896621307
6,7,"control",11.6066306121288
6,7,"control",11.0905052203671
6,7,"control",11.1497284172244
6,7,"control",10.8933331216613
6,7,"control",11.0775943056377
6,7,"control",10.964540707047
6,7,"control",11.6405188518182
6,7,"control",11.284310361926
6,7,"control",11.7493402454948
6,7,"half",10.284024728523
6,7,"half",10.5453337986743
6,7,"half",11.4092462962333
6,7,"half",9.94256945100837
6,7,"half",10.7662333553655
6,7,"half",11.0891777698878
6,7,"half",11.1780852260633
6,7,"half",10.9574900119564
6,7,"half",10.6342282083784
6,7,"half",10.1745225199987
6,7,"starvation",6.49124589122902
6,7,"starvation",6.20164613197394
6,7,"starvation",6.50890069832641
6,7,"starvation",6.51481092902287
6,7,"starvation",6.6124876718431
6,7,"starvation",6.79719256738749
6,7,"starvation",6.43153659325129
6,7,"starvation",5.88774468425698
6,7,"starvation",7.00109172551454
6,7,"starvation",6.04782497590388
6,8,"control",10.9317544069891
6,8,"control",11.332824313162
6,8,"control",11.3974195893636
6,8,"control",11.5562130888139
6,8,"control",11.5656325014238
6,8,"control",11.7057525216969
6,8,"control",11.6141703347764
6,8,"control",10.6075938135696
6,8,"control",11.2154737900841
6,8,"control",10.5694642228905
6,8,"half",8.40972336953778
6,8,"half",8.24200453906156
6,8,"half",8.29969591095022
6,8,"half",8.03775859066614
6,8,"half",7.69551053425153
6,8,"half",7.79579348412762
6,8,"half",8.27900299249057
6,8,"half",8.24874083583165
6,8,"half",8.89811954799074
6,8,"half",8.40082163854975
6,8,"starvation",5.56332834254193
6,8,"starvation",5.31829220278954
6,8,"starvation",5.47639604878288
6,8,"starvation",4.75937727392472
6,8,"starvation",6.24476513527726
6,8,"starvation",5.49748523808163
6,8,"starvation",5.49293177247213
6,8,"starvation",4.65276324655454
6,8,"starvation",4.50331671087803
6,8,"starvation",5.45717289320976
6,9,"control",10.6110194298805
6,9,"control",10.9609828391588
6,9,"control",11.5148556088453
6,9,"control",10.4074219801023
6,9,"control",10.7801502690079
6,9,"control",10.6747304160974
6,9,"control",10.7166005617776
6,9,"control",11.1783440098681
6,9,"control",11.1555907033909
6,9,"control",10.9246000927674
6,9,"half",9.60858317176018
6,9,"half",9.59712668459168
6,9,"half",9.71339120839346
6,9,"half",9.6804363612671
6,9,"half",10.666704383158
6,9,"half",10.4738877518369
6,9,"half",9.87416316248605
6,9,"half",10.1556502565487
6,9,"half",9.54188275709567
6,9,"half",9.36837635228397
6,9,"starvation",4.04365676536635
6,9,"starvation",3.75039287782313
6,9,"starvation",4.48793784213176
6,9,"starvation",3.74070519888268
6,9,"starvation",3.44841713036708
6,9,"starvation",3.97077577324582
6,9,"starvation",4.67885023091003
6,9,"starvation",3.81087172760352
6,9,"starvation",4.55549801041467
6,9,"starvation",3.84371872063036
6,10,"control",12.3486987370791
6,10,"control",11.6156141226424
6,10,"control",11.4329173847657
6,10,"control",11.7120890262017
6,10,"control",11.8857592367141
6,10,"control",11.7770601132189
6,10,"control",11.5568359252014
6,10,"control",11.0844632157157
6,10,"control",12.049003274927
6,10,"control",10.9146884804739
6,10,"half",7.88224215934644
6,10,"half",8.18929007487823
6,10,"half",7.51874076582163
6,10,"half",7.65728056813907
6,10,"half",7.92443094179643
6,10,"half",7.67196363289627
6,10,"half",8.58597458666675
6,10,"half",7.71069655235454
6,10,"half",7.35049076508911
6,10,"half",6.84744864243764
6,10,"starvation",5.58671646475548
6,10,"starvation",5.36509644578268
6,10,"starvation",5.39459540137403
6,10,"starvation",5.36893888873214
6,10,"starvation",4.52552573642312
6,10,"starvation",5.49387285538973
6,10,"starvation",6.21044990038766
6,10,"starvation",4.96317033546472
6,10,"starvation",5.67904353253005
6,10,"starvation",5.84555655131262
7,0,"control",8.52705254620831
7,0,"control",9.41433230078991
7,0,"control",9.07177586968226
7,0,"control",8.49380387254029
7,0,"control",9.34543458509274
7,0,"control",9.00285748488024
7,0,"control",9.43066783599584
7,0,"control",10.0956983641681
7,0,"control",9.43443710661692
7,0,"control",8.98867050607389
7,0,"half",8.87176053496408
7,0,"half",9.44688246673867
7,0,"half",8.63687808916572
7,0,"half",9.12546792932912
7,0,"half",8.79842104554247
7,0,"half",9.14871352661121
7,0,"half",8.54166649155208
7,0,"half",9.18478086108635
7,0,"half",9.05696857130748
7,0,"half",9.81162220678946
7,0,"starvation",9.07517649395302
7,0,"starvation",8.67488837334787
7,0,"starvation",8.80492311824323
7,0,"starvation",9.0657468871271
7,0,"starvation",8.56336214947357
7,0,"starvation",8.58864419049074
7,0,"starvation",9.5809652911347
7,0,"starvation",8.07794397185048
7,0,"starvation",9.16842359305966
7,0,"starvation",8.42663399450238
7,1,"control",8.40783724407147
7,1,"control",9.34394890202128
7,1,"control",8.47745977044974
7,1,"control",8.83537739931052
7,1,"control",8.87795211605669
7,1,"control",8.29360186488823
7,1,"control",9.09488351670425
7,1,"control",9.46450753991768
7,1,"control",8.08661953807736
7,1,"control",8.92646069152211
7,1,"half",8.89398954528269
7,1,"half",8.39377205704862
7,1,"half",8.87361650856374
7,1,"half",8.11401749714082
7,1,"half",8.3396210984977
7,1,"half",8.83894798470655
7,1,"half",8.86367820128734
7,1,"half",8.39754985856056
7,1,"half",8.7669307512921
7,1,"half",9.08114490710354
7,1,"starvation",8.01048783463748
7,1,"starvation",8.2879995017678
7,1,"starvation",8.10431612483351
7,1,"starvation",8.32378103124377
7,1,"starvation",7.98231647110328
7,1,"starvation",7.72297099114679
7,1,"starvation",8.76939836368935
7,1,"starvation",8.43181377364723
7,1,"starvation",7.67903388511641
7,1,"starvation",7.98810426966198
7,2,"control",9.39704571953365
7,2,"control",8.94513155907222
7,2,"control",9.12200464396986
7,2,"control",8.69187886786768
7,2,"control",9.70128130976716
7,2,"control",9.34437871732357
7,2,"control",9.25926105688859
7,2,"control",9.30564413680196
7,2,"control",8.56788379167948
7,2,"control",9.7805267342275
7,2,"half",8.9968282653132
7,2,"half",8.21393811493547
7,2,"half",7.9041314632746
7,2,"half",8.89254907551169
7,2,"half",8.84867173932017
7,2,"half",8.82384891941061
7,2,"half",8.05359955856697
7,2,"half",7.97854166933699
7,2,"half",8.89689589216538
7,2,"half",8.48620495547423
7,2,"starvation",7.02864158533187
7,2,"starvation",6.69308641283276
7,2,"starvation",6.77267818631218
7,2,"starvation",6.78281221173103
7,2,"starvation",7.35785646381126
7,2,"starvation",6.90555846209974
7,2,"starvation",6.76365707654079
7,2,"starvation",6.64714347944054
7,2,"starvation",7.15476887741228
7,2,"starvation",6.14285824981623
7,3,"control",9.53798453482806
7,3,"control",8.63074943091676
7,3,"control",9.36846769250737
7,3,"control",9.18537129474707
7,3,"control",8.77011675969826
7,3,"control",8.76474323440633
7,3,"control",9.61751921153213
7,3,"control",8.83731498106371
7,3,"control",9.11526304583264
7,3,"control",9.60536829428211
7,3,"half",8.1295465395988
7,3,"half",8.09883155933043
7,3,"half",8.98571293583037
7,3,"half",8.05984070126276
7,3,"half",8.01338620778792
7,3,"half",8.11657580368974
7,3,"half",8.7952523060172
7,3,"half",8.59197029742472
7,3,"half",9.30609312653479
7,3,"half",8.7022531669162
7,3,"starvation",7.03902784353243
7,3,"starvation",6.83909391739155
7,3,"starvation",6.70456478107187
7,3,"starvation",6.26890271928229
7,3,"starvation",6.35200128080219
7,3,"starvation",6.71644760970854
7,3,"starvation",6.90437838136149
7,3,"starvation",6.56006214331715
7,3,"starvation",6.15810273083741
7,3,"starvation",6.13610996026893
7,4,"control",9.6135778737653
7,4,"control",9.7130789288509
7,4,"control",8.53990305499852
7,4,"control",10.0466769343336
7,4,"control",9.38845532270307
7,4,"control",8.60513102430984
7,4,"control",9.83069168885359
7,4,"control",9.94919109724743
7,4,"control",9.3057212329871
7,4,"control",9.40074040138899
7,4,"half",7.87546375034086
7,4,"half",8.07718900632875
7,4,"half",7.73053674914377
7,4,"half",8.49431147863116
7,4,"half",7.52006845328243
7,4,"half",8.29478342977572
7,4,"half",8.22730249237926
7,4,"half",7.45546433958294
7,4,"half",7.67988310705095
7,4,"half",7.94236408950202
7,4,"starvation",4.71063616145544
7,4,"starvation",5.32183555047502
7,4,"starvation",4.91086540216924
7,4,"starvation",4.87465805294459
7,4,"starvation",5.04192779971146
7,4,"starvation",4.92444271627321
7,4,"starvation",5.44276036652247
7,4,"starvation",5.02752737041389
7,4,"starvation",5.30009080454146
7,4,"starvation",4.85007375483605
7,5,"control",9.40567209909939
7,5,"control",9.33879137345541
7,5,"control",9.45393571030266
7,5,"control",9.44262945165646
7,5,"control",9.00338917402522
7,5,"control",9.06831899621173
7,5,"control",8.10160563193664
7,5,"control",8.481686537255
7,5,"control",8.80727175295872
7,5,"control",8.49607136518623
7,5,"half",8.63956157951683
7,5,"half",8.06433247016851
7,5,"half",8.43290006893952
7,5,"half",8.78520169098735
7,5,"half",8.44227741632562
7,5,"half",8.22778621040814
7,5,"half",8.2287274203155
7,5,"half",8.55795039453349
7,5,"half",8.03104714028108
7,5,"half",8.19895164224858
7,5,"starvation",5.79832431879019
7,5,"starvation",5.37911437604994
7,5,"starvation",5.45894236271986
7,5,"starvation",5.67125292270572
7,5,"starvation",4.95632561337028
7,5,"starvation",5.76457931583703
7,5,"starvation",5.29189063765565
7,5,"starvation",4.89821608546736
7,5,"starvation",4.39053945249469
7,5,"starvation",5.08406884187845
7,6,"control",9.58881860623549
7,6,"control",9.68650004104312
7,6,"control",9.37039004684566
7,6,"control",9.57715340171359
7,6,"control",9.5054521473293
7,6,"control",9.18011646593867
7,6,"control",9.80157995795408
7,6,"control",9.38735948082661
7,6,"control",9.14960590500223
7,6,"control",8.84094381386803
7,6,"half",7.70579028538726
7,6,"half",8.32915165385129
7,6,"half",8.17842966980498
7,6,"half",8.74484513082125
7,6,"half",8.06665907516067
7,6,"half",8.66350805358479
7,6,"half",7.71197802101877
7,6,"half",8.41463205539768
7,6,"half",8.54935300980276
7,6,"half",8.8092739317204
7,6,"starvation",3.88934314467656
7,6,"starvation",3.83085485867027
7,6,"starvation",4.26033992485512
7,6,"starvation",3.20258273240461
7,6,"starvation",3.58922287587845
7,6,"starvation",4.15033677912727
7,6,"starvation",3.92795127652237
7,6,"starvation",3.04435737443632
7,6,"starvation",3.69650067198689
7,6,"starvation",4.08023428852975
7,7,"control",10.0325222208051
7,7,"control",10.3155420400903
7,7,"control",9.81765583865077
7,7,"control",10.2366176896679
7,7,"control",10.2771483707583
7,7,"control",10.4158789956203
7,7,"control",10.0638622902832
7,7,"control",10.1998573518775
7,7,"control",10.534387615893
7,7,"control",9.44809383924678
7,7,"half",8.94990425751118
7,7,"half",9.47980630520191
7,7,"half",9.34061043010876
7,7,"half",10.15166423998
7,7,"half",9.45548558630888
7,7,"half",9.15004999732627
7,7,"half",9.74958827699313
7,7,"half",9.79485632864991
7,7,"half",9.55703445056287
7,7,"half",9.15692373991449
7,7,"starvation",3.20720316753174
7,7,"starvation",3.7314824927849
7,7,"starvation",2.84076421180615
7,7,"starvation",3.5546329922765
7,7,"starvation",3.49769252516687
7,7,"starvation",3.42658222669367
7,7,"starvation",3.5323298384091
7,7,"starvation",3.91418403624677
7,7,"starvation",3.39608148286139
7,7,"starvation",3.12020171405789
7,8,"control",9.03866382872231
7,8,"control",8.92111539266722
7,8,"control",9.22649927001902
7,8,"control",9.4625721933492
7,8,"control",8.72130411760973
7,8,"control",9.11861417850615
7,8,"control",8.52277128316145
7,8,"control",9.27321329269672
7,8,"control",9.94275515427187
7,8,"control",8.61912295315926
7,8,"half",7.78482438095067
7,8,"half",7.79420151776175
7,8,"half",7.89590138447537
7,8,"half",8.49503819096301
7,8,"half",6.93648300869244
7,8,"half",6.91551775651833
7,8,"half",7.4105491802808
7,8,"half",7.3585919842581
7,8,"half",7.22485589365764
7,8,"half",7.78174017684847
7,8,"starvation",2.17900524573259
7,8,"starvation",2.30544618816299
7,8,"starvation",2.71867096553228
7,8,"starvation",2.00608701502656
7,8,"starvation",1.65990281319269
7,8,"starvation",2.82953575031667
7,8,"starvation",3.15726894193248
7,8,"starvation",2.46249661864987
7,8,"starvation",2.59584853514939
7,8,"starvation",2.9070113821882
7,9,"control",8.84781285322453
7,9,"control",9.4062341559393
7,9,"control",9.64543475465167
7,9,"control",9.88717977064098
7,9,"control",9.53472872424495
7,9,"control",9.32041003556239
7,9,"control",9.4562238497739
7,9,"control",9.40833871878667
7,9,"control",9.35184901170058
7,9,"control",8.72965756635355
7,9,"half",9.36777237901876
7,9,"half",9.13753885835954
7,9,"half",8.11175767534669
7,9,"half",9.16856729242752
7,9,"half",7.99663652615085
7,9,"half",8.87613375124656
7,9,"half",8.60357099582345
7,9,"half",9.07698969701732
7,9,"half",8.78825649548612
7,9,"half",8.86502925701664
7,9,"starvation",1.48536942472321
7,9,"starvation",1.60647884777584
7,9,"starvation",1.62227529051689
7,9,"starvation",1.59445802969343
7,9,"starvation",1.74174468006831
7,9,"starvation",1.09447805720231
7,9,"starvation",1.28462687840443
7,9,"starvation",1.88605798252771
7,9,"starvation",1.73893518333177
7,9,"starvation",1.42550102665284
7,10,"control",9.95369691513664
7,10,"control",9.14856789440608
7,10,"control",9.72977069138596
7,10,"control",9.46924379589676
7,10,"control",9.20949032714387
7,10,"control",9.38810786433175
7,10,"control",9.73874449290529
7,10,"control",9.3373475902062
7,10,"control",9.74108903715561
7,10,"control",9.55548316999025
7,10,"half",5.9472579776446
7,10,"half",6.50300111225735
7,10,"half",6.1741643969514
7,10,"half",6.13360618239578
7,10,"half",6.15238083534505
7,10,"half",6.0074100647852
7,10,"half",6.11926082205898
7,10,"half",6.47315965111242
7,10,"half",6.3944248349284
7,10,"half",6.70109576717399
7,10,"starvation",1.12951131261834
7,10,"starvation",1.03362352405372
7,10,"starvation",0.939773915353722
7,10,"starvation",1.12412723067138
7,10,"starvation",0.990740935548103
7,10,"starvation",0.674890722828957
7,10,"starvation",1.31351225423081
7,10,"starvation",0.912528999535768
7,10,"starvation",0.83646962108034
7,10,"starvation",0.588797675847402
8,0,"control",12.5110565823733
8,0,"control",11.6825466142443
8,0,"control",12.7790607961564
8,0,"control",13.3597166894616
8,0,"control",12.3772482877563
8,0,"control",13.1649086254177
8,0,"control",11.9646604522925
8,0,"control",13.2612002026874
8,0,"control",13.2636778318215
8,0,"control",12.9191454585663
8,0,"half",12.4464373760349
8,0,"half",12.7188050420754
8,0,"half",12.5502561950734
8,0,"half",12.7905628105313
8,0,"half",12.6924733172879
8,0,"half",12.358520864488
8,0,"half",12.5364201466506
8,0,"half",13.1955163850179
8,0,"half",12.7743345081384
8,0,"half",12.4625909505478
8,0,"starvation",12.7915999827045
8,0,"starvation",12.753517250935
8,0,"starvation",13.0533532397456
8,0,"starvation",12.106193539466
8,0,"starvation",12.6480241251844
8,0,"starvation",12.9937870934826
8,0,"starvation",12.7311319016486
8,0,"starvation",12.5821950847474
8,0,"starvation",13.6112400133494
8,0,"starvation",13.0437806706641
8,1,"control",12.6106112681739
8,1,"control",12.5159676179875
8,1,"control",12.9036060064195
8,1,"control",12.2305128185704
8,1,"control",12.9472076031556
8,1,"control",12.2818160060938
8,1,"control",12.6885667293888
8,1,"control",11.9854725737517
8,1,"control",13.2704876359088
8,1,"control",12.0694613724116
8,1,"half",12.8235359084073
8,1,"half",12.5471780271136
8,1,"half",12.589473395225
8,1,"half",12.573862918811
8,1,"half",12.5350211405893
8,1,"half",12.412028567438
8,1,"half",12.4319142481558
8,1,"half",13.0874059022614
8,1,"half",11.9338929656209
8,1,"half",12.5223499209957
8,1,"starvation",12.005880233154
8,1,"starvation",11.649082450954
8,1,"starvation",11.651320259273
8,1,"starvation",11.8154470820924
8,1,"starvation",11.2793343794955
8,1,"starvation",12.2607425417107
8,1,"starvation",11.7728840242352
8,1,"starvation",11.7689231897123
8,1,"starvation",11.9499984296692
8,1,"starvation",11.5065161962962
8,2,"control",12.8924223795466
8,2,"control",11.8610746529085
8,2,"control",12.1326221956892
8,2,"control",12.4434885793829
8,2,"control",12.1775106283138
8,2,"control",12.7650042728382
8,2,"control",12.3970707032069
8,2,"control",12.0534866829177
8,2,"control",12.4339074380878
8,2,"control",12.7045160232892
8,2,"half",11.8410837220186
8,2,"half",12.4063256216922
8,2,"half",12.3622053235824
8,2,"half",11.8865368081579
8,2,"half",12.6600838748338
8,2,"half",12.1226011374849
8,2,"half",11.6060453485234
8,2,"half",12.3111101650522
8,2,"half",11.8780470299963
8,2,"half",12.5260636432487
8,2,"starvation",10.9622196344882
8,2,"starvation",10.9700065325742
8,2,"starvation",10.3644997310937
8,2,"starvation",11.489411880536
8,2,"starvation",10.6998598419295
8,2,"starvation",10.863332677574
8,2,"starvation",12.1094067639797
8,2,"starvation",11.003633254421
8,2,"starvation",10.5201619868972
8,2,"starvation",10.989449840779
8,3,"control",13.3262459278247
8,3,"control",13.3050392271723
8,3,"control",12.8199140440795
8,3,"control",13.5366597369671
8,3,"control",12.8382260804229
8,3,"control",13.6320713521863
8,3,"control",13.0603244179192
8,3,"control",13.2340934748038
8,3,"control",12.6525001942535
8,3,"control",13.6241919605116
8,3,"half",11.8833223462257
8,3,"half",11.6408178839113
8,3,"half",11.8939556400909
8,3,"half",11.5276255313349
8,3,"half",12.674306782397
8,3,"half",11.6321630755721
8,3,"half",11.5319618390188
8,3,"half",11.3709243853393
8,3,"half",11.2609291290736
8,3,"half",12.3670141091654
8,3,"starvation",9.73434525556767
8,3,"starvation",9.86834042796077
8,3,"starvation",9.6467040412211
8,3,"starvation",9.49255728064924
8,3,"starvation",10.2995516537165
8,3,"starvation",9.7442908621452
8,3,"starvation",9.93377930790831
8,3,"starvation",10.3183295029064
8,3,"starvation",10.2764901850279
8,3,"starvation",10.0734076394244
8,4,"control",12.4833201804902
8,4,"control",12.8002203841747
8,4,"control",12.3212615954508
8,4,"control",12.8650853641648
8,4,"control",12.7074439883529
8,4,"control",13.05930350699
8,4,"control",12.9989239726143
8,4,"control",12.297004427975
8,4,"control",12.736045215528
8,4,"control",12.6983655570522
8,4,"half",12.1146402851766
8,4,"half",12.4438077933479
8,4,"half",12.5882558129179
8,4,"half",12.7167928030386
8,4,"half",12.0660662692605
8,4,"half",12.3702867692399
8,4,"half",12.1883522061804
8,4,"half",11.4804529513114
8,4,"half",12.234869450451
8,4,"half",12.1387636176249
8,4,"starvation",9.11465883139594
8,4,"starvation",9.56266851297707
8,4,"starvation",8.68413573552001
8,4,"starvation",9.41924165134911
8,4,"starvation",8.93781147407975
8,4,"starvation",8.47189846875229
8,4,"starvation",9.22265719053314
8,4,"starvation",9.14401672949563
8,4,"starvation",9.88138060356917
8,4,"starvation",9.4680370702147
8,5,"control",13.789941917989
8,5,"control",13.5646527688059
8,5,"control",13.7618348560587
8,5,"control",12.5774552846159
8,5,"control",12.6471325371449
8,5,"control",12.7554691265401
8,5,"control",12.8589831316619
8,5,"control",12.9375040253021
8,5,"control",13.3444703752145
8,5,"control",12.6398009924679
8,5,"half",12.4801464411322
8,5,"half",11.6955911113736
8,5,"half",12.2481174773085
8,5,"half",12.5095539058815
8,5,"half",11.6995621023312
8,5,"half",12.5341431670723
8,5,"half",11.8393455789061
8,5,"half",12.5277912046264
8,5,"half",12.4371140827529
8,5,"half",12.4535179148638
8,5,"starvation",8.78294278661764
8,5,"starvation",8.81468801848776
8,5,"starvation",8.572789352358
8,5,"starvation",8.75483949665045
8,5,"starvation",9.15670242909587
8,5,"starvation",8.77139342943713
8,5,"starvation",9.06406277438949
8,5,"starvation",9.24737720298953
8,5,"starvation",8.42247415219011
8,5,"starvation",9.45395431001982
8,6,"control",13.6886160198817
8,6,"control",13.0324867914667
8,6,"control",12.733217513204
8,6,"control",13.6888298686457
8,6,"control",13.8071079505242
8,6,"control",13.2286473848292
8,6,"control",13.5051859694242
8,6,"control",12.9716544331512
8,6,"control",13.0002024680234
8,6,"control",12.8609388831431
8,6,"half",11.4719867893591
8,6,"half",11.1687882819373
8,6,"half",11.5227009890316
8,6,"half",10.9372503632325
8,6,"half",11.8529538690325
8,6,"half",11.6853801643074
8,6,"half",11.568612481152
8,6,"half",11.5707313837917
8,6,"half",11.7327544867895
8,6,"half",11.3475042552316
8,6,"starvation",6.39054690110013
8,6,"starvation",6.58036046358005
8,6,"starvation",7.30667822465899
8,6,"starvation",7.4224670706576
8,6,"starvation",6.95498781191868
8,6,"starvation",7.22521560396275
8,6,"starvation",7.46512577375147
8,6,"starvation",7.37596060604655
8,6,"starvation",6.71920907172908
8,6,"starvation",7.63184073413622
8,7,"control",13.0395035678391
8,7,"control",12.9014411919399
8,7,"control",13.2026945524263
8,7,"control",12.6077882497234
8,7,"control",12.5618566875946
8,7,"control",13.1540024353676
8,7,"control",13.3550723305878
8,7,"control",13.2344265359505
8,7,"control",13.2245993448691
8,7,"control",13.0500295342699
8,7,"half",13.1772855204289
8,7,"half",12.8616420185943
8,7,"half",12.3750649387627
8,7,"half",13.333166102769
8,7,"half",12.8575863028048
8,7,"half",12.9009846737579
8,7,"half",12.7253147752059
8,7,"half",13.1839445240567
8,7,"half",12.743668575906
8,7,"half",12.3235282096203
8,7,"starvation",6.63961592096707
8,7,"starvation",6.15566611563437
8,7,"starvation",6.70534768846232
8,7,"starvation",5.75757242873531
8,7,"starvation",6.59107600603634
8,7,"starvation",6.27750632756914
8,7,"starvation",5.64414571436425
8,7,"starvation",6.27637650310459
8,7,"starvation",6.79330214663001
8,7,"starvation",6.13066833396259
8,8,"control",13.6932150056476
8,8,"control",12.8619698042952
8,8,"control",12.7464309266652
8,8,"control",12.8410499498608
8,8,"control",12.9340485239441
8,8,"control",13.3441626265324
8,8,"control",13.4722628942983
8,8,"control",12.9947531222072
8,8,"control",13.8329740861326
8,8,"control",13.5740785108394
8,8,"half",10.1682691014089
8,8,"half",10.8437316038325
8,8,"half",11.5430533102756
8,8,"half",11.6695663860694
8,8,"half",11.0083947389087
8,8,"half",11.0075257376908
8,8,"half",10.7821653262378
8,8,"half",11.1836448197759
8,8,"half",10.7295201613065
8,8,"half",10.8515382725934
8,8,"starvation",6.66434638461744
8,8,"starvation",6.55246085044227
8,8,"starvation",7.140701162725
8,8,"starvation",7.56498200265156
8,8,"starvation",7.29686734427834
8,8,"starvation",5.98303662550074
8,8,"starvation",6.45301633560539
8,8,"starvation",6.70934987862353
8,8,"starvation",6.17675759955739
8,8,"starvation",6.86387924528229
8,9,"control",11.1840678773618
8,9,"control",12.0164732912383
8,9,"control",10.9648065967333
8,9,"control",11.2210192404731
8,9,"control",10.874961977853
8,9,"control",11.271867592742
8,9,"control",11.0099089472054
8,9,"control",10.9978228085845
8,9,"control",11.1328853997783
8,9,"control",11.3114643651306
8,9,"half",12.7338007677999
8,9,"half",12.5567258502773
8,9,"half",12.2092133351372
8,9,"half",12.0784548471276
8,9,"half",12.1062068298322
8,9,"half",11.6036970535182
8,9,"half",13.0853732615966
8,9,"half",12.3193790557208
8,9,"half",12.6774139044993
8,9,"half",12.7381401570846
8,9,"starvation",5.83144490844571
8,9,"starvation",6.02414892947188
8,9,"starvation",5.76705058768747
8,9,"starvation",5.97069323654371
8,9,"starvation",6.07031273784691
8,9,"starvation",5.7291239154028
8,9,"starvation",5.37748316450242
8,9,"starvation",5.11803689533783
8,9,"starvation",5.56312156536259
8,9,"starvation",6.03482013715078
8,10,"control",13.0130790789133
8,10,"control",12.7378554115354
8,10,"control",13.7716385190493
8,10,"control",13.7795954497316
8,10,"control",13.5173326589954
8,10,"control",13.777624866075
8,10,"control",13.0920800185853
8,10,"control",13.2521478614237
8,10,"control",13.8994315405336
8,10,"control",12.8929622545663
8,10,"half",12.4493331207593
8,10,"half",12.5381790857604
8,10,"half",13.0053856454713
8,10,"half",12.8730445416674
8,10,"half",12.3846753784007
8,10,"half",12.6826258872157
8,10,"half",13.0915307521258
8,10,"half",12.7080272760106
8,10,"half",12.9094108368553
8,10,"half",13.037568174594
8,10,"starvation",4.92147009811134
8,10,"starvation",4.5206866426051
8,10,"starvation",5.65387398725837
8,10,"starvation",5.1202687647503
8,10,"starvation",5.2577381345162
8,10,"starvation",5.13308094511738
8,10,"starvation",4.28640526257109
8,10,"starvation",4.73609057211169
8,10,"starvation",4.71356939252489
8,10,"starvation",4.5728903166025
9,0,"control",9.26949787362182
9,0,"control",9.03052016902862
9,0,"control",9.14329883393972
9,0,"control",9.01991985250318
9,0,"control",9.03315725185045
9,0,"control",9.56564905990467
9,0,"control",8.81498548645678
9,0,"control",9.74133465422044
9,0,"control",9.47625465796082
9,0,"control",9.41693369094935
9,0,"half",9.13199559838516
9,0,"half",8.67927743374761
9,0,"half",9.1708846436401
9,0,"half",9.14224223774339
9,0,"half",8.99431410101535
9,0,"half",8.73352340040602
9,0,"half",9.04495902469114
9,0,"half",8.85106434463038
9,0,"half",9.14792761311294
9,0,"half",8.93872444878011
9,0,"starvation",8.91381351498099
9,0,"starvation",9.4540051688615
9,0,"starvation",9.87870719657445
9,0,"starvation",8.68018171478845
9,0,"starvation",8.61853090711951
9,0,"starvation",8.30080058673933
9,0,"starvation",9.23288054337138
9,0,"starvation",8.81243943993237
9,0,"starvation",8.23270711955265
9,0,"starvation",8.35267517706104
9,1,"control",9.11330690202085
9,1,"control",9.18726358290751
9,1,"control",8.71491007012424
9,1,"control",9.32417650233899
9,1,"control",8.75183693422165
9,1,"control",9.45233206402954
9,1,"control",8.51682399164402
9,1,"control",9.12655589867992
9,1,"control",9.55321533792283
9,1,"control",10.5037317471356
9,1,"half",8.69261206951997
9,1,"half",9.66175598936041
9,1,"half",9.44751742617009
9,1,"half",8.63910211029406
9,1,"half",8.60493775217107
9,1,"half",8.30568362171993
9,1,"half",9.23207610782905
9,1,"half",9.12753074095289
9,1,"half",9.49801610268697
9,1,"half",8.8454528217053
9,1,"starvation",7.81502244946896
9,1,"starvation",8.08162737148314
9,1,"starvation",8.83895158705222
9,1,"starvation",8.3537429792885
9,1,"starvation",8.37963433738738
9,1,"starvation",8.71046928359474
9,1,"starvation",8.45858750861072
9,1,"starvation",8.10727523585823
9,1,"starvation",7.43937773851093
9,1,"starvation",9.24108224021948
9,2,"control",8.88773007314506
9,2,"control",9.28603113346561
9,2,"control",9.55482881940235
9,2,"control",8.57320681949687
9,2,"control",9.08223316598777
9,2,"control",8.70523087365803
9,2,"control",8.36811915502735
9,2,"control",8.26552881327682
9,2,"control",8.35743588787072
9,2,"control",8.5402718130439
9,2,"half",8.14637329602235
9,2,"half",7.87115906626021
9,2,"half",8.01787453719887
9,2,"half",8.84757189357574
9,2,"half",8.49663033867016
9,2,"half",8.62614245912763
9,2,"half",8.56576931078051
9,2,"half",7.95152948550181
9,2,"half",8.52142145883224
9,2,"half",8.66573786024337
9,2,"starvation",6.92267225793153
9,2,"starvation",7.55346027626502
9,2,"starvation",8.6628293703297
9,2,"starvation",7.79844688114704
9,2,"starvation",7.87703794033636
9,2,"starvation",6.98924003893358
9,2,"starvation",7.13333616497944
9,2,"starvation",7.48901635613849
9,2,"starvation",6.87149071872565
9,2,"starvation",7.17045681427812
9,3,"control",9.43367215596854
9,3,"control",9.18543740918245
9,3,"control",8.47156874209042
9,3,"control",9.20355607099168
9,3,"control",9.29276640118482
9,3,"control",10.0601561201954
9,3,"control",9.12657067241691
9,3,"control",8.81634329041746
9,3,"control",9.65656122704381
9,3,"control",9.03674852663639
9,3,"half",7.75839528139472
9,3,"half",8.39751210973964
9,3,"half",8.62886658406359
9,3,"half",8.46699509922753
9,3,"half",8.1289765153113
9,3,"half",8.39410166521691
9,3,"half",8.54360390611081
9,3,"half",7.92005217890423
9,3,"half",8.00493016113332
9,3,"half",8.25562999544471
9,3,"starvation",6.96842983379348
9,3,"starvation",6.42785353173321
9,3,"starvation",6.98666899719247
9,3,"starvation",7.19369006264396
9,3,"starvation",7.34923641640018
9,3,"starvation",7.05781806203052
9,3,"starvation",6.66588418172249
9,3,"starvation",7.20885675568462
9,3,"starvation",7.25783329941652
9,3,"starvation",7.10214486059209
9,4,"control",9.47689883885188
9,4,"control",8.91752369047443
9,4,"control",9.71906954835312
9,4,"control",9.69541156609841
9,4,"control",9.3836270897991
9,4,"control",9.23693540945435
9,4,"control",9.35799630632891
9,4,"control",8.65770711828254
9,4,"control",9.66689869975148
9,4,"control",9.66044151118719
9,4,"half",8.12408903564743
9,4,"half",8.17279386652851
9,4,"half",8.23562130816478
9,4,"half",8.23068237677752
9,4,"half",8.32203711992666
9,4,"half",7.33227013273705
9,4,"half",7.65910212850435
9,4,"half",8.61223860507004
9,4,"half",8.05531296521941
9,4,"half",8.24857155535789
9,4,"starvation",6.36445253216614
9,4,"starvation",6.30953918464696
9,4,"starvation",6.21860458615838
9,4,"starvation",5.90914646730666
9,4,"starvation",6.88457390793162
9,4,"starvation",6.75017295104657
9,4,"starvation",5.9554441965607
9,4,"starvation",6.60696766563587
9,4,"starvation",6.07023795274147
9,4,"starvation",6.32120336524647
9,5,"control",8.78074400262468
9,5,"control",8.04617602800198
9,5,"control",8.78099388948597
9,5,"control",8.29975774620155
9,5,"control",8.77834741154064
9,5,"control",8.35039835177471
9,5,"control",9.13378228528344
9,5,"control",8.54051680369746
9,5,"control",7.54566999287613
9,5,"control",8.25329722314507
9,5,"half",7.72548181653101
9,5,"half",7.35006803482293
9,5,"half",7.26842301799024
9,5,"half",7.52208641768427
9,5,"half",6.91056870150437
9,5,"half",7.25049958510944
9,5,"half",7.05402973256834
9,5,"half",8.24849471996657
9,5,"half",7.34310202492339
9,5,"half",7.73177608358966
9,5,"starvation",3.73041006811415
9,5,"starvation",4.51258120342744
9,5,"starvation",4.98945234318917
9,5,"starvation",4.00979104838318
9,5,"starvation",4.5725843985669
9,5,"starvation",4.10601134358772
9,5,"starvation",4.25375633504165
9,5,"starvation",4.46411081504258
9,5,"starvation",4.39895117803541
9,5,"starvation",4.28936536649676
9,6,"control",9.23035658302071
9,6,"control",9.85245604360201
9,6,"control",9.82317492274321
9,6,"control",9.79946458658959
9,6,"control",9.68825586738217
9,6,"control",10.0414736216679
9,6,"control",9.68378942254017
9,6,"control",10.8466385465795
9,6,"control",9.93755015382767
9,6,"control",10.0131462450525
9,6,"half",7.62413909281432
9,6,"half",8.00685083132858
9,6,"half",6.85186662845087
9,6,"half",7.24717316223998
9,6,"half",7.39869496647032
9,6,"half",7.74986980415511
9,6,"half",7.28164363617057
9,6,"half",7.03176856189726
9,6,"half",7.45191716545537
9,6,"half",6.66616905443837
9,6,"starvation",3.64329097808785
9,6,"starvation",3.69751345904391
9,6,"starvation",4.02461932099183
9,6,"starvation",4.04569625842674
9,6,"starvation",4.24025518682546
9,6,"starvation",4.50332558329447
9,6,"starvation",3.93623098600525
9,6,"starvation",4.25999397640581
9,6,"starvation",4.80506473714904
9,6,"starvation",3.57605316249306
9,7,"control",7.8860347243317
9,7,"control",8.6482931306678
9,7,"control",8.75057141649398
9,7,"control",8.99137126350843
9,7,"control",9.26793847155374
9,7,"control",9.22439831754862
9,7,"control",9.52923224235793
9,7,"control",9.2188771056662
9,7,"control",9.05573629097397
9,7,"control",8.74467714626061
9,7,"half",8.08344207142875
9,7,"half",8.21548176842115
9,7,"half",8.86301786390328
9,7,"half",8.80566475686745
9,7,"half",8.39681022693196
9,7,"half",8.25888215528641
9,7,"half",8.21891610254662
9,7,"half",8.85782488679735
9,7,"half",8.20607030955501
9,7,"half",8.50634356031415
9,7,"starvation",2.97581958574681
9,7,"starvation",2.69688895365057
9,7,"starvation",3.0776281464721
9,7,"starvation",2.81778377600349
9,7,"starvation",2.56105930117319
9,7,"starvation",2.67297998576494
9,7,"starvation",2.48447086533013
9,7,"starvation",2.1894254371524
9,7,"starvation",2.52699522300357
9,7,"starvation",2.90008603230698
9,8,"control",9.37664275244609
9,8,"control",9.74259156888973
9,8,"control",9.25337876175014
9,8,"control",8.91391137674932
9,8,"control",9.18318188187825
9,8,"control",9.02236417214666
9,8,"control",9.13082119511747
9,8,"control",9.09041688346675
9,8,"control",9.13090869864076
9,8,"control",8.62960689622398
9,8,"half",6.49679959165354
9,8,"half",6.96285016657154
9,8,"half",7.02080763291176
9,8,"half",7.31290653628534
9,8,"half",7.59389600839881
9,8,"half",7.14008040849395
9,8,"half",7.04954436245731
9,8,"half",7.45254436674371
9,8,"half",7.0910380760398
9,8,"half",6.74970147415652
9,8,"starvation",2.71694729554028
9,8,"starvation",2.84719138191479
9,8,"starvation",2.65373774134428
9,8,"starvation",2.83778960411791
9,8,"starvation",2.57290819587928
9,8,"starvation",2.61415155159557
9,8,"starvation",3.29172112049377
9,8,"starvation",3.74558565410191
9,8,"starvation",3.49812525354298
9,8,"starvation",2.70438025663333
9,9,"control",11.0689279423148
9,9,"control",10.5568565337383
9,9,"control",10.6308402840418
9,9,"control",10.0472804263663
9,9,"control",11.4559689438701
9,9,"control",10.4174935899261
9,9,"control",10.268937412416
9,9,"control",10.6598265382757
9,9,"control",10.3063876592611
9,9,"control",10.3016875918492
9,9,"half",7.63855908530872
9,9,"half",8.41787759871272
9,9,"half",7.83245423598839
9,9,"half",8.0117016861578
9,9,"half",7.80098706962622
9,9,"half",7.46558594884787
9,9,"half",8.34786441880512
9,9,"half",8.14521920417025
9,9,"half",7.54887999069458
9,9,"half",7.96694988701041
9,9,"starvation",0.321538356954105
9,9,"starvation",1.34056799279138
9,9,"starvation",1.29254337913002
9,9,"starvation",0.952854078354967
9,9,"starvation",1.27834056479562
9,9,"starvation",1.18160764251515
9,9,"starvation",1.27439760943651
9,9,"starvation",0.798736357390236
9,9,"starvation",0.522601805818992
9,9,"starvation",0.789073560822733
9,10,"control",11.150743033895
9,10,"control",11.7783590135511
9,10,"control",11.8697660547401
9,10,"control",11.3636870305546
9,10,"control",11.0693986656883
9,10,"control",11.2732029036934
9,10,"control",11.5045778460922
9,10,"control",10.6888698888506
9,10,"control",11.136036166493
9,10,"control",11.5796018016329
9,10,"half",6.3592924513499
9,10,"half",5.6813995109172
9,10,"half",5.52471349386042
9,10,"half",5.93674528367401
9,10,"half",6.19731313155753
9,10,"half",5.92787462210573
9,10,"half",5.60889204289218
9,10,"half",6.10104144401733
9,10,"half",6.12006537844841
9,10,"half",6.05607500733878
9,10,"starvation",1.69248645467273
9,10,"starvation",2.24716689973002
9,10,"starvation",1.82270601869112
9,10,"starvation",2.8651441231403
9,10,"starvation",1.84594388404501
9,10,"starvation",2.95374476146547
9,10,"starvation",2.02796715773694
9,10,"starvation",0.996691471201628
9,10,"starvation",1.36659360829555
9,10,"starvation",2.36135169214172
10,0,"control",12.3222691389172
10,0,"control",12.3271598674628
10,0,"control",10.8389667621389
10,0,"control",12.1281159533655
10,0,"control",11.8041562265444
10,0,"control",11.5501547437623
10,0,"control",11.4781728345058
10,0,"control",11.7231063607122
10,0,"control",12.1633557348577
10,0,"control",11.2807522765623
10,0,"half",12.4361837740797
10,0,"half",11.5032860944155
10,0,"half",11.3505144363759
10,0,"half",12.1212189492437
10,0,"half",11.4247000714065
10,0,"half",11.1187487879794
10,0,"half",11.1749253014446
10,0,"half",11.002256698385
10,0,"half",11.3399666685292
10,0,"half",11.6154265638935
10,0,"starvation",11.7858615090536
10,0,"starvation",11.362629372908
10,0,"starvation",12.0221621868099
10,0,"starvation",11.7759623764404
10,0,"starvation",11.9250284538112
10,0,"starvation",12.4703824024194
10,0,"starvation",11.6266705582724
10,0,"starvation",11.5525960393593
10,0,"starvation",11.0941650859172
10,0,"starvation",12.1297982669048
10,1,"control",11.2938200180882
10,1,"control",11.6507572013268
10,1,"control",12.3648416264846
10,1,"control",11.5756576547908
10,1,"control",11.4608083107286
10,1,"control",11.4192046765298
10,1,"control",11.264229945171
10,1,"control",11.6689735037203
10,1,"control",11.4141277767708
10,1,"control",11.1093252226694
10,1,"half",11.4004781442077
10,1,"half",11.1374912416872
10,1,"half",11.1580987342005
10,1,"half",10.4885726898445
10,1,"half",11.9536739106984
10,1,"half",11.685216259312
10,1,"half",11.7923879012007
10,1,"half",11.2753683387556
10,1,"half",11.8644992794875
10,1,"half",10.6357502923673
10,1,"starvation",10.4525532544033
10,1,"starvation",10.8814007530859
10,1,"starvation",10.7719669872149
10,1,"starvation",10.8648923852535
10,1,"starvation",10.4147515825729
10,1,"starvation",10.779178966029
10,1,"starvation",10.7314282071986
10,1,"starvation",11.3213971262297
10,1,"starvation",10.3615817417859
10,1,"starvation",11.2211297749294
10,2,"control",11.3613850438304
10,2,"control",11.7118692399046
10,2,"control",11.5549535184447
10,2,"control",12.2127925533298
10,2,"control",12.2383837978829
10,2,"control",12.0117077702827
10,2,"control",11.5548325898676
10,2,"control",12.4897117112375
10,2,"control",11.5045145577443
10,2,"control",12.3027180550758
10,2,"half",11.1946071894789
10,2,"half",11.7052185112175
10,2,"half",12.0185434603092
10,2,"half",12.0450824921945
10,2,"half",11.6858969331792
10,2,"half",10.6124627080037
10,2,"half",12.0410568992654
10,2,"half",11.4736768846988
10,2,"half",11.3028019423382
10,2,"half",10.7578580309658
10,2,"starvation",10.1872307865227
10,2,"starvation",9.91191933547556
10,2,"starvation",9.77833201807849
10,2,"starvation",9.61847666872964
10,2,"starvation",9.92372297443034
10,2,"starvation",9.86055335453023
10,2,"starvation",10.1587983904792
10,2,"starvation",10.4311988083089
10,2,"starvation",9.97160356356208
10,2,"starvation",9.47264872912659
10,3,"control",12.2760969901718
10,3,"control",10.9616200150033
10,3,"control",12.1416480582853
10,3,"control",12.1237530408198
10,3,"control",12.5270214096267
10,3,"control",11.9598822541505
10,3,"control",12.2645123846423
10,3,"control",12.2666004280825
10,3,"control",12.1861364327384
10,3,"control",12.6886433200842
10,3,"half",10.6269140951739
10,3,"half",11.299918670433
10,3,"half",10.652098155356
10,3,"half",11.5199274266414
10,3,"half",10.5090617051218
10,3,"half",10.8294997039962
10,3,"half",10.7345806185804
10,3,"half",11.0781258700902
10,3,"half",10.9916927828532
10,3,"half",10.2801679340434
10,3,"starvation",9.68331879185015
10,3,"starvation",9.74235705584474
10,3,"starvation",9.22407075037544
10,3,"starvation",9.45176751341772
10,3,"starvation",9.41268721784863
10,3,"starvation",9.58317556451008
10,3,"starvation",9.06199008657709
10,3,"starvation",9.03816958477922
10,3,"starvation",10.065283604178
10,3,"starvation",9.54045107275814
10,4,"control",11.9612890203264
10,4,"control",11.0441272917759
10,4,"control",11.6083745314737
10,4,"control",12.0117781244056
10,4,"control",12.3640917971229
10,4,"control",11.848759733467
10,4,"control",11.9314629473539
10,4,"control",11.8081906631771
10,4,"control",12.61418930466
10,4,"control",12.01610635047
10,4,"half",11.4774697463765
10,4,"half",11.6926182717497
10,4,"half",11.1799890086042
10,4,"half",11.867625945372
10,4,"half",11.6809827634397
10,4,"half",11.4829481985852
10,4,"half",11.9452492440193
10,4,"half",10.9623604656385
10,4,"half",11.2435533564954
10,4,"half",11.5249036032814
10,4,"starvation",7.77488619436495
10,4,"starvation",8.92155561447053
10,4,"starvation",9.18095101182624
10,4,"starvation",8.93547362582889
10,4,"starvation",7.93797529110435
10,4,"starvation",8.10131684681944
10,4,"starvation",9.3425400924064
10,4,"starvation",8.63029252941814
10,4,"starvation",8.26487077731949
10,4,"starvation",8.12601488116747
10,5,"control",10.8554270996267
10,5,"control",10.5981111521468
10,5,"control",11.5242349776764
10,5,"control",11.1917581560117
10,5,"control",10.1653671121312
10,5,"control",11.0118917652717
10,5,"control",10.2784142525738
10,5,"control",10.2211495404648
10,5,"control",10.9425084281891
10,5,"control",10.6844279001156
10,5,"half",10.6936221121999
10,5,"half",10.9305227937399
10,5,"half",11.5973095109991
10,5,"half",11.0697571064602
10,5,"half",10.6262318939494
10,5,"half",10.4258842027555
10,5,"half",11.6316749854672
10,5,"half",11.3505441260703
10,5,"half",11.0232524124813
10,5,"half",10.8145562744366
10,5,"starvation",8.04704261386868
10,5,"starvation",8.12273985986955
10,5,"starvation",7.334431612933
10,5,"starvation",7.36899654204833
10,5,"starvation",8.14416510536775
10,5,"starvation",7.23982809277796
10,5,"starvation",7.26238927401559
10,5,"starvation",7.6254235762939
10,5,"starvation",7.83479059631023
10,5,"starvation",7.96420456128188
10,6,"control",13.1112711130553
10,6,"control",12.3996797535057
10,6,"control",12.2350571493341
10,6,"control",12.7661741705354
10,6,"control",12.4147332679919
10,6,"control",12.8018095270935
10,6,"control",12.5053082632319
10,6,"control",13.1786371707786
10,6,"control",12.8389129722252
10,6,"control",12.7633774229429
10,6,"half",9.9221458515013
10,6,"half",9.60824717477925
10,6,"half",9.00879207042987
10,6,"half",9.80573394270106
10,6,"half",10.2948083905859
10,6,"half",9.45343471774338
10,6,"half",10.4262616204109
10,6,"half",10.2582029185866
10,6,"half",9.31046634974083
10,6,"half",9.84616045131779
10,6,"starvation",7.31203226405518
10,6,"starvation",7.1878513607444
10,6,"starvation",6.74537146254185
10,6,"starvation",6.96137290172779
10,6,"starvation",7.22681167730063
10,6,"starvation",6.25564151505161
10,6,"starvation",7.57403781342781
10,6,"starvation",6.95303581967437
10,6,"starvation",6.9179702922344
10,6,"starvation",7.33358191708789
10,7,"control",10.6593486016858
10,7,"control",11.303001320458
10,7,"control",11.3176690933592
10,7,"control",11.0164286737043
10,7,"control",10.9632696555048
10,7,"control",10.9817341370654
10,7,"control",10.6953576702974
10,7,"control",11.2887732054399
10,7,"control",11.5745063643262
10,7,"control",10.8573084581066
10,7,"half",9.21856113022745
10,7,"half",9.61684102956027
10,7,"half",9.18984306629019
10,7,"half",9.42824654268989
10,7,"half",9.43714286077333
10,7,"half",9.27410827489005
10,7,"half",8.84860139119042
10,7,"half",8.87339173160971
10,7,"half",8.38009439640665
10,7,"half",9.41245669262045
10,7,"starvation",6.67712896218965
10,7,"starvation",6.51263248358771
10,7,"starvation",6.8439397446819
10,7,"starvation",6.62564256285961
10,7,"starvation",6.11243172787935
10,7,"starvation",6.69017854297916
10,7,"starvation",6.70142266614397
10,7,"starvation",6.48262438720084
10,7,"starvation",6.19337210373591
10,7,"starvation",6.76365493582789
10,8,"control",11.9284510835087
10,8,"control",12.3248008320169
10,8,"control",12.0347669612502
10,8,"control",11.4372576086665
10,8,"control",11.6378928005545
10,8,"control",12.1600095338351
10,8,"control",12.0421814761607
10,8,"control",11.76770386028
10,8,"control",11.6533984930329
10,8,"control",11.9998702604606
10,8,"half",10.6471798289239
10,8,"half",10.7958989155136
10,8,"half",11.6027791468298
10,8,"half",10.7425072135916
10,8,"half",11.1238176760512
10,8,"half",10.9219548142805
10,8,"half",11.4227719080577
10,8,"half",10.884118467352
10,8,"half",9.87537451118278
10,8,"half",10.6655015092326
10,8,"starvation",4.72941286291545
10,8,"starvation",4.63456430352575
10,8,"starvation",4.72354236189137
10,8,"starvation",4.69686077522605
10,8,"starvation",4.36144130032486
10,8,"starvation",4.36953765179477
10,8,"starvation",4.78310081805809
10,8,"starvation",3.59918735648223
10,8,"starvation",4.80326705646206
10,8,"starvation",4.65876225782917
10,9,"control",12.5231548102659
10,9,"control",12.4589117186568
10,9,"control",12.8601270725779
10,9,"control",12.5214323142596
10,9,"control",13.0424800198353
10,9,"control",12.5667468367462
10,9,"control",12.7498702471476
10,9,"control",11.8914568278415
10,9,"control",12.2664555373055
10,9,"control",12.5788961934711
10,9,"half",9.44365491717097
10,9,"half",8.38154671677674
10,9,"half",9.02220120428309
10,9,"half",9.63132251504329
10,9,"half",9.4744978478679
10,9,"half",9.76062119448503
10,9,"half",9.31249430080006
10,9,"half",8.75838478811411
10,9,"half",9.53977387746146
10,9,"half",9.67898449862513
10,9,"starvation",5.81154550881295
10,9,"starvation",6.47700919383432
10,9,"starvation",5.03061523146296
10,9,"starvation",6.16225970339729
10,9,"starvation",5.31986148284864
10,9,"starvation",5.98629214393521
10,9,"starvation",5.67479346351238
10,9,"starvation",5.74471453367222
10,9,"starvation",5.82267470184798
10,9,"starvation",5.77884344885346
10,10,"control",12.2354563630778
10,10,"control",12.0555154096667
10,10,"control",12.0455916440051
10,10,"control",11.8714065793489
10,10,"control",12.0532037445072
10,10,"control",12.5867780606936
10,10,"control",11.9577259130171
10,10,"control",11.8290635960322
10,10,"control",11.5589226875232
10,10,"control",12.396395620753
10,10,"half",10.8037772112635
10,10,"half",10.8323473742912
10,10,"half",10.2917377350474
10,10,"half",11.5906455158656
10,10,"half",10.8596390494504
10,10,"half",10.6234487422584
10,10,"half",10.958011227614
10,10,"half",10.8402007013951
10,10,"half",11.5661736988021
10,10,"half",10.9805667291159
10,10,"starvation",1.25998406014421
10,10,"starvation",1.67421626911881
10,10,"starvation",0.686808650579945
10,10,"starvation",1.47367103808413
10,10,"starvation",1.2118900300661
10,10,"starvation",1.78650644427306
10,10,"starvation",1.49299486292287
10,10,"starvation",1.13227858206323
10,10,"starvation",1.03849103034378
10,10,"starvation",1.25757711739968
