"replicate","exp_day","treatment","trait","sub_rep"
1,0,"control",10.4452598325484,"A"
1,0,"control",10.7987939589938,"B"
1,0,"control",10.8622135228789,"C"
1,0,"control",10.8845734729179,"A"
1,0,"control",10.191353090178,"B"
1,0,"control",11.3337483451294,"A"
1,0,"control",10.5740778144433,"A"
1,0,"control",11.1955476797048,"A"
1,0,"control",10.8882083047888,"C"
1,0,"control",10.1936233391743,"C"
1,0,"half",11.4644238662733,"C"
1,0,"half",11.4059453914682,"A"
1,0,"half",10.5712782998647,"C"
1,0,"half",10.473999795825,"B"
1,0,"half",10.6226743369229,"C"
1,0,"half",10.973600712699,"C"
1,0,"half",10.6174213290243,"A"
1,0,"half",10.7316306107865,"A"
1,0,"half",11.4777112932864,"B"
1,0,"half",10.6370222149986,"C"
1,0,"starvation",10.2596667244064,"C"
1,0,"starvation",10.2499898402557,"B"
1,0,"starvation",10.8689793452466,"A"
1,0,"starvation",10.9637850132811,"A"
1,0,"starvation",10.6599074529285,"A"
1,0,"starvation",10.7270213375145,"B"
1,0,"starvation",10.6368494889585,"A"
1,0,"starvation",10.7075357479426,"A"
1,0,"starvation",10.6555045461837,"B"
1,0,"starvation",10.1968754064051,"B"
1,1,"control",11.3198363552686,"A"
1,1,"control",11.6090009765626,"A"
1,1,"control",10.9532041458723,"A"
1,1,"control",11.0138837771062,"A"
1,1,"control",9.91957608436404,"B"
1,1,"control",10.600693774762,"C"
1,1,"control",10.3116958671449,"B"
1,1,"control",10.6236977090703,"C"
1,1,"control",11.1139868367373,"C"
1,1,"control",11.0145970686717,"C"
1,1,"half",10.2004746977884,"B"
1,1,"half",9.77760675556542,"C"
1,1,"half",10.7290210339461,"A"
1,1,"half",10.6791149982646,"A"
1,1,"half",10.72549624669,"A"
1,1,"half",10.7457456584844,"A"
1,1,"half",10.061647664619,"B"
1,1,"half",9.932150649634,"B"
1,1,"half",11.0030697575858,"A"
1,1,"half",11.4712726100072,"A"
1,1,"starvation",10.2249843656796,"C"
1,1,"starvation",9.50752776490664,"B"
1,1,"starvation",9.26010742682682,"B"
1,1,"starvation",9.64342429670425,"B"
1,1,"starvation",10.171143905465,"C"
1,1,"starvation",10.8638784329033,"A"
1,1,"starvation",9.6355544213078,"B"
1,1,"starvation",10.6570427217999,"A"
1,1,"starvation",9.91072139770841,"A"
1,1,"starvation",10.5008781667283,"A"
1,2,"control",10.9175862356563,"A"
1,2,"control",10.3200975678601,"B"
1,2,"control",10.2219364621948,"B"
1,2,"control",10.7979082431278,"A"
1,2,"control",10.2729001588238,"C"
1,2,"control",10.2637463826154,"C"
1,2,"control",11.0117814298269,"A"
1,2,"control",10.4330145784696,"B"
1,2,"control",10.6486483130878,"A"
1,2,"control",10.7044729374894,"B"
1,2,"half",9.68547329254418,"C"
1,2,"half",10.3961943976985,"B"
1,2,"half",9.95632535974367,"B"
1,2,"half",10.1109497324955,"A"
1,2,"half",10.6994057431721,"B"
1,2,"half",10.5014547090735,"B"
1,2,"half",10.4234615391318,"B"
1,2,"half",11.64207804036,"A"
1,2,"half",10.5465195184918,"A"
1,2,"half",9.47553126407935,"C"
1,2,"starvation",9.25973421909723,"A"
1,2,"starvation",8.41946234410582,"B"
1,2,"starvation",8.89797277207121,"A"
1,2,"starvation",9.15459483147227,"C"
1,2,"starvation",9.18243387088781,"A"
1,2,"starvation",8.31577332169751,"C"
1,2,"starvation",8.90986140147122,"A"
1,2,"starvation",9.01018072045416,"A"
1,2,"starvation",8.78170885265555,"B"
1,2,"starvation",8.76915051286359,"B"
1,3,"control",10.2685254296326,"A"
1,3,"control",10.0248848545698,"C"
1,3,"control",10.4404569228205,"A"
1,3,"control",10.4621576797114,"A"
1,3,"control",10.8239927435644,"C"
1,3,"control",11.6961539635777,"A"
1,3,"control",9.89962839702118,"C"
1,3,"control",11.084118452652,"C"
1,3,"control",10.330874283306,"B"
1,3,"control",10.6854826572912,"A"
1,3,"half",11.2607256874586,"A"
1,3,"half",10.6415401246854,"A"
1,3,"half",9.9792457464115,"C"
1,3,"half",10.1972474627192,"B"
1,3,"half",9.90805360093233,"B"
1,3,"half",10.5161424933148,"C"
1,3,"half",10.9894666746056,"A"
1,3,"half",10.3920555957533,"B"
1,3,"half",10.6977552600367,"A"
1,3,"half",9.86701966877938,"B"
1,3,"starvation",8.58654884218313,"B"
1,3,"starvation",9.07316488606781,"A"
1,3,"starvation",9.21968776127483,"A"
1,3,"starvation",9.40431380350641,"C"
1,3,"starvation",9.32343910003618,"C"
1,3,"starvation",9.26098464788877,"A"
1,3,"starvation",8.26277916665718,"B"
1,3,"starvation",9.21696110594865,"A"
1,3,"starvation",7.94603312226149,"C"
1,3,"starvation",8.84147133409872,"A"
1,4,"control",11.5358943512268,"B"
1,4,"control",10.9877675554827,"C"
1,4,"control",11.0128298948467,"B"
1,4,"control",11.4380446217286,"B"
1,4,"control",10.4939659655931,"B"
1,4,"control",11.1751792004786,"A"
1,4,"control",11.652401010914,"A"
1,4,"control",10.4163348720278,"C"
1,4,"control",11.8403879362041,"A"
1,4,"control",11.2375476572546,"C"
1,4,"half",10.1979316512731,"B"
1,4,"half",9.48592522141543,"B"
1,4,"half",10.2191182654236,"C"
1,4,"half",9.9292928875126,"C"
1,4,"half",9.9881121088824,"C"
1,4,"half",10.5042424135797,"A"
1,4,"half",10.7062374155796,"A"
1,4,"half",10.2157088825449,"C"
1,4,"half",10.2971405324374,"B"
1,4,"half",10.0201433867496,"B"
1,4,"starvation",7.53604046266853,"A"
1,4,"starvation",7.35031064952407,"B"
1,4,"starvation",7.17270152430794,"A"
1,4,"starvation",6.59903317430951,"B"
1,4,"starvation",7.40511476234698,"B"
1,4,"starvation",7.482877558816,"C"
1,4,"starvation",8.17341380429959,"A"
1,4,"starvation",7.17075690123059,"C"
1,4,"starvation",7.51842942619486,"C"
1,4,"starvation",6.76245228060859,"B"
1,5,"control",11.3563627508903,"A"
1,5,"control",11.6455870920515,"C"
1,5,"control",10.5899182154567,"B"
1,5,"control",11.1932784547038,"B"
1,5,"control",11.8379952739773,"A"
1,5,"control",11.5123878831306,"C"
1,5,"control",11.4238506608564,"A"
1,5,"control",11.0329440937603,"C"
1,5,"control",11.8140450608352,"A"
1,5,"control",11.1948052202587,"C"
1,5,"half",9.11239928578349,"A"
1,5,"half",9.62648587755618,"A"
1,5,"half",9.61041500720774,"A"
1,5,"half",8.32964775181903,"B"
1,5,"half",9.88323060843915,"A"
1,5,"half",9.10978639039455,"C"
1,5,"half",9.91892594895017,"A"
1,5,"half",9.38004598431336,"C"
1,5,"half",9.37587171841264,"A"
1,5,"half",9.23491487209836,"B"
1,5,"starvation",6.68783853309246,"A"
1,5,"starvation",6.97973455297389,"C"
1,5,"starvation",6.29238385853893,"C"
1,5,"starvation",7.15139744470151,"C"
1,5,"starvation",7.02069657701642,"A"
1,5,"starvation",7.02912908164123,"A"
1,5,"starvation",7.12242168719129,"A"
1,5,"starvation",6.86685563193356,"B"
1,5,"starvation",6.95663533511923,"C"
1,5,"starvation",6.35022202478326,"A"
1,6,"control",10.1393082003539,"A"
1,6,"control",10.2729693794411,"C"
1,6,"control",10.427757217733,"B"
1,6,"control",9.42074136090122,"C"
1,6,"control",9.79170827584419,"C"
1,6,"control",10.0676729870975,"B"
1,6,"control",10.8732315979892,"B"
1,6,"control",10.3560853557574,"C"
1,6,"control",10.0540886816376,"A"
1,6,"control",10.829864613719,"B"
1,6,"half",8.88840082214921,"B"
1,6,"half",8.90971433853115,"C"
1,6,"half",8.78685143203518,"C"
1,6,"half",9.08545306083415,"A"
1,6,"half",8.82347747133152,"C"
1,6,"half",9.39249306770897,"C"
1,6,"half",9.37526154704775,"A"
1,6,"half",9.48307715852504,"B"
1,6,"half",9.51873498177219,"B"
1,6,"half",9.27532356346482,"C"
1,6,"starvation",6.31426612307183,"B"
1,6,"starvation",7.07529056006799,"B"
1,6,"starvation",6.42470021958257,"A"
1,6,"starvation",6.2489806159097,"C"
1,6,"starvation",6.5725343955162,"B"
1,6,"starvation",6.96288134573288,"B"
1,6,"starvation",6.06609424191284,"A"
1,6,"starvation",6.69964563695981,"A"
1,6,"starvation",5.74826894648022,"B"
1,6,"starvation",6.59954087465105,"B"
1,7,"control",12.1255720073068,"A"
1,7,"control",11.0387606927686,"C"
1,7,"control",11.9269220842481,"A"
1,7,"control",12.4031027112221,"A"
1,7,"control",12.1618694983109,"B"
1,7,"control",12.1581790969749,"A"
1,7,"control",11.5903078402934,"B"
1,7,"control",11.3686882773984,"B"
1,7,"control",11.2711904022572,"A"
1,7,"control",11.0453639734255,"C"
1,7,"half",8.91633915843997,"C"
1,7,"half",8.72685536207162,"C"
1,7,"half",8.09996936705728,"B"
1,7,"half",8.88326808333007,"C"
1,7,"half",9.3390300615638,"A"
1,7,"half",8.49291080516332,"A"
1,7,"half",8.3196130931911,"B"
1,7,"half",8.6436908755306,"C"
1,7,"half",8.7923456687344,"C"
1,7,"half",8.90038338348225,"B"
1,7,"starvation",5.97556658381597,"A"
1,7,"starvation",6.2385620409143,"C"
1,7,"starvation",5.84022420198959,"C"
1,7,"starvation",6.19435857973889,"B"
1,7,"starvation",6.08071494056405,"B"
1,7,"starvation",6.75947671282589,"C"
1,7,"starvation",5.82707422526532,"A"
1,7,"starvation",6.06526128537953,"B"
1,7,"starvation",5.9074804879624,"C"
1,7,"starvation",6.54295472466134,"B"
1,8,"control",10.1697502449513,"B"
1,8,"control",9.84810570203347,"C"
1,8,"control",9.83187125266237,"A"
1,8,"control",8.62721530254825,"C"
1,8,"control",10.1770710025582,"A"
1,8,"control",9.17651842203701,"C"
1,8,"control",10.1770529689574,"B"
1,8,"control",9.81395110619791,"A"
1,8,"control",10.0658722877346,"B"
1,8,"control",9.78095086337197,"C"
1,8,"half",8.25261930765055,"A"
1,8,"half",7.71287955084658,"B"
1,8,"half",8.4647674872662,"C"
1,8,"half",9.15543459930967,"A"
1,8,"half",8.35733300744937,"A"
1,8,"half",8.22963600670288,"A"
1,8,"half",8.55305736334351,"B"
1,8,"half",8.46271861236947,"B"
1,8,"half",9.39326164876019,"A"
1,8,"half",8.10840961186297,"A"
1,8,"starvation",4.88654234255274,"C"
1,8,"starvation",5.4683230337589,"A"
1,8,"starvation",5.79584563084541,"B"
1,8,"starvation",5.42179694037864,"B"
1,8,"starvation",5.75178844743589,"A"
1,8,"starvation",4.72868500657793,"A"
1,8,"starvation",4.58533309682172,"B"
1,8,"starvation",5.37299762124636,"A"
1,8,"starvation",4.87490014841013,"B"
1,8,"starvation",5.58791090469902,"B"
1,9,"control",11.0353759974347,"A"
1,9,"control",11.3514652823403,"A"
1,9,"control",11.307459412909,"A"
1,9,"control",10.9369041609213,"C"
1,9,"control",10.1962741007455,"B"
1,9,"control",12.1329630957953,"A"
1,9,"control",11.7190682032943,"C"
1,9,"control",11.4528308396105,"A"
1,9,"control",11.1594981079052,"B"
1,9,"control",10.9615837516321,"B"
1,9,"half",7.83916000346944,"B"
1,9,"half",8.32330070700261,"A"
1,9,"half",8.35142155352018,"B"
1,9,"half",7.9225231231834,"B"
1,9,"half",7.57101950470613,"B"
1,9,"half",8.49848827856991,"A"
1,9,"half",8.18184458443732,"B"
1,9,"half",7.51424583152669,"B"
1,9,"half",8.02126328648604,"C"
1,9,"half",7.37499835181925,"B"
1,9,"starvation",5.03593728303419,"C"
1,9,"starvation",4.62238869033862,"B"
1,9,"starvation",5.14577417298765,"C"
1,9,"starvation",5.32112254869626,"A"
1,9,"starvation",5.11903655659644,"C"
1,9,"starvation",5.63613447568291,"A"
1,9,"starvation",5.68156127291503,"A"
1,9,"starvation",5.34401440922146,"A"
1,9,"starvation",4.91663592120512,"B"
1,9,"starvation",5.39118682527196,"A"
1,10,"control",10.3042265200852,"C"
1,10,"control",9.84653951649393,"C"
1,10,"control",10.1654715231611,"C"
1,10,"control",10.8640546203601,"A"
1,10,"control",10.669799631391,"C"
1,10,"control",9.45558056533175,"C"
1,10,"control",10.0508855125864,"A"
1,10,"control",9.75777069013773,"A"
1,10,"control",10.2765417869984,"A"
1,10,"control",10.0870389848916,"B"
1,10,"half",8.67758150467808,"A"
1,10,"half",6.84602825238608,"B"
1,10,"half",8.13576720369743,"A"
1,10,"half",8.14067740406233,"C"
1,10,"half",7.79402458488038,"A"
1,10,"half",7.50989274958871,"A"
1,10,"half",8.21112470779874,"A"
1,10,"half",8.08295279720213,"A"
1,10,"half",7.52503721741978,"B"
1,10,"half",8.345989836726,"A"
1,10,"starvation",3.35548227206444,"B"
1,10,"starvation",3.28997512845743,"A"
1,10,"starvation",3.35208043093427,"C"
1,10,"starvation",3.82562406355335,"C"
1,10,"starvation",2.30331212024356,"B"
1,10,"starvation",3.21277813443329,"A"
1,10,"starvation",2.86749963234698,"B"
1,10,"starvation",2.54470167258081,"A"
1,10,"starvation",3.32649692737536,"A"
1,10,"starvation",3.53831274571116,"A"
2,0,"control",10.5359170123037,"A"
2,0,"control",11.9631494271479,"B"
2,0,"control",10.6805188498675,"A"
2,0,"control",11.2816734883095,"B"
2,0,"control",10.6816170366908,"A"
2,0,"control",11.5176297393872,"B"
2,0,"control",11.6169035053624,"B"
2,0,"control",11.1908417338587,"A"
2,0,"control",11.1733066788448,"A"
2,0,"control",11.124890311081,"C"
2,0,"half",11.2490116775341,"A"
2,0,"half",11.0121659449476,"C"
2,0,"half",11.762093077199,"A"
2,0,"half",11.013403259709,"A"
2,0,"half",11.4169420654012,"B"
2,0,"half",11.7100068181567,"C"
2,0,"half",11.4719310717145,"C"
2,0,"half",11.205464867604,"C"
2,0,"half",11.1646654885306,"B"
2,0,"half",11.0387033048816,"C"
2,0,"starvation",11.8795357574753,"A"
2,0,"starvation",10.8889274955204,"A"
2,0,"starvation",10.9316822176766,"C"
2,0,"starvation",11.4672754039457,"C"
2,0,"starvation",11.4198198004248,"C"
2,0,"starvation",11.7902327447484,"B"
2,0,"starvation",11.2306406932121,"A"
2,0,"starvation",11.4849276749578,"A"
2,0,"starvation",10.5478291990667,"A"
2,0,"starvation",11.1272190656809,"C"
2,1,"control",10.7704129441008,"A"
2,1,"control",11.0847710687667,"C"
2,1,"control",11.0569202966523,"A"
2,1,"control",11.8453345619226,"A"
2,1,"control",11.6074047312639,"B"
2,1,"control",11.0624272236324,"B"
2,1,"control",11.5710464175241,"B"
2,1,"control",11.3390047074551,"A"
2,1,"control",10.5062524688867,"B"
2,1,"control",11.7902315990665,"B"
2,1,"half",11.120102256955,"C"
2,1,"half",11.0928163737143,"C"
2,1,"half",10.9171052292803,"C"
2,1,"half",11.1871459278666,"B"
2,1,"half",11.3336527788248,"C"
2,1,"half",10.5335702890059,"C"
2,1,"half",10.7471007899902,"A"
2,1,"half",10.035534262676,"B"
2,1,"half",10.5363080985302,"A"
2,1,"half",10.9709342735718,"A"
2,1,"starvation",10.7061751747041,"C"
2,1,"starvation",9.61194471692445,"B"
2,1,"starvation",10.1145459065306,"A"
2,1,"starvation",10.2743770304301,"A"
2,1,"starvation",10.113318293778,"C"
2,1,"starvation",10.4911170645762,"B"
2,1,"starvation",10.5419991484242,"B"
2,1,"starvation",10.2471806639768,"C"
2,1,"starvation",11.3219947629196,"A"
2,1,"starvation",10.651915136043,"A"
2,2,"control",11.0385036687537,"B"
2,2,"control",11.7678431698136,"B"
2,2,"control",11.2470096359285,"B"
2,2,"control",11.3350300605618,"B"
2,2,"control",11.010952059967,"C"
2,2,"control",10.5448211843319,"B"
2,2,"control",11.5206773405336,"B"
2,2,"control",10.8567825349322,"C"
2,2,"control",10.5579987714153,"C"
2,2,"control",10.7603758147122,"B"
2,2,"half",11.2958124241623,"A"
2,2,"half",11.4101802590785,"C"
2,2,"half",11.6944533447068,"B"
2,2,"half",12.3400291880987,"B"
2,2,"half",11.3413220678947,"C"
2,2,"half",11.0073744745734,"B"
2,2,"half",11.7543410338083,"C"
2,2,"half",11.2314934072476,"C"
2,2,"half",10.9515315351114,"B"
2,2,"half",10.9486923730739,"A"
2,2,"starvation",10.2918295907922,"C"
2,2,"starvation",9.81115449915451,"A"
2,2,"starvation",9.7072378584489,"C"
2,2,"starvation",9.96698215304762,"B"
2,2,"starvation",9.96742293071775,"A"
2,2,"starvation",9.9718286897718,"C"
2,2,"starvation",10.3846167842264,"B"
2,2,"starvation",10.3248674202838,"C"
2,2,"starvation",9.54171653631546,"A"
2,2,"starvation",9.71084212779633,"B"
2,3,"control",12.4531976177702,"C"
2,3,"control",11.2424169558977,"C"
2,3,"control",11.5801186744394,"C"
2,3,"control",11.5920798367843,"C"
2,3,"control",12.4180992090925,"C"
2,3,"control",12.6616105449974,"A"
2,3,"control",11.9307136659939,"C"
2,3,"control",12.3326507177051,"B"
2,3,"control",11.2444892363746,"C"
2,3,"control",11.8461111665177,"C"
2,3,"half",10.5799728099615,"B"
2,3,"half",10.1470950594838,"C"
2,3,"half",10.7095952807795,"B"
2,3,"half",10.6448653968745,"A"
2,3,"half",11.3059616933814,"C"
2,3,"half",10.7055367527672,"B"
2,3,"half",9.912798946324,"A"
2,3,"half",10.3331067425086,"C"
2,3,"half",10.1465525614974,"A"
2,3,"half",9.66653456764688,"C"
2,3,"starvation",8.76973166220335,"C"
2,3,"starvation",9.96939495781026,"A"
2,3,"starvation",9.42185068163188,"B"
2,3,"starvation",9.27741936027403,"A"
2,3,"starvation",8.14001950139638,"B"
2,3,"starvation",8.59002121624304,"B"
2,3,"starvation",8.80362527526035,"B"
2,3,"starvation",8.79190947044135,"A"
2,3,"starvation",9.4466923322126,"C"
2,3,"starvation",9.31063023207196,"C"
2,4,"control",10.8892845205124,"C"
2,4,"control",11.1730646202285,"A"
2,4,"control",11.8725902845603,"B"
2,4,"control",11.3121144606578,"B"
2,4,"control",11.2378422327028,"C"
2,4,"control",11.5705425926305,"A"
2,4,"control",11.9682107683445,"A"
2,4,"control",11.2688370103287,"A"
2,4,"control",11.999721630888,"C"
2,4,"control",11.9395811198909,"C"
2,4,"half",10.3638374662569,"B"
2,4,"half",10.1908341367002,"B"
2,4,"half",9.92551711323143,"A"
2,4,"half",9.78027656720621,"B"
2,4,"half",9.35426702876632,"A"
2,4,"half",9.48101401522525,"A"
2,4,"half",10.7924061620765,"C"
2,4,"half",10.4830189271309,"C"
2,4,"half",10.2094011227603,"A"
2,4,"half",9.91450890459915,"B"
2,4,"starvation",7.23079620903781,"C"
2,4,"starvation",7.44244118961513,"A"
2,4,"starvation",7.80435904297367,"B"
2,4,"starvation",7.64253496667616,"A"
2,4,"starvation",7.074268830531,"A"
2,4,"starvation",6.90975377303913,"C"
2,4,"starvation",7.61583551467771,"B"
2,4,"starvation",7.82075874732377,"B"
2,4,"starvation",7.1025791907392,"B"
2,4,"starvation",7.56424404815478,"B"
2,5,"control",10.6350959402829,"C"
2,5,"control",11.0970484616621,"C"
2,5,"control",11.3155609913435,"B"
2,5,"control",11.0940219494574,"A"
2,5,"control",12.5048901812556,"C"
2,5,"control",11.407085208887,"A"
2,5,"control",11.9663906373902,"C"
2,5,"control",11.9160925456394,"B"
2,5,"control",11.8853027085384,"B"
2,5,"control",11.6780166575593,"C"
2,5,"half",10.2572513730633,"B"
2,5,"half",9.98072740849294,"C"
2,5,"half",10.4682636972123,"A"
2,5,"half",10.2579096355042,"B"
2,5,"half",10.0228438507474,"A"
2,5,"half",9.861773576454,"B"
2,5,"half",10.1630401489546,"C"
2,5,"half",9.79095774300597,"C"
2,5,"half",9.69948745343216,"A"
2,5,"half",9.69018620404998,"A"
2,5,"starvation",7.68714484460199,"A"
2,5,"starvation",7.55652247938437,"C"
2,5,"starvation",7.78600776543577,"C"
2,5,"starvation",7.74924131217783,"C"
2,5,"starvation",7.96505927743799,"A"
2,5,"starvation",8.27296355230003,"A"
2,5,"starvation",7.80482032751754,"A"
2,5,"starvation",8.35057272381089,"A"
2,5,"starvation",7.80497689316982,"A"
2,5,"starvation",7.79781227503006,"C"
2,6,"control",11.2217578974978,"C"
2,6,"control",10.7283072688696,"B"
2,6,"control",11.4929287248393,"B"
2,6,"control",11.6431356730965,"B"
2,6,"control",11.7599591594665,"B"
2,6,"control",10.754976864612,"A"
2,6,"control",12.2439805294329,"B"
2,6,"control",11.282894881837,"B"
2,6,"control",10.8921031615131,"C"
2,6,"control",10.998395001815,"A"
2,6,"half",10.2023970524651,"C"
2,6,"half",9.41952606301165,"A"
2,6,"half",9.98859721957637,"C"
2,6,"half",9.6928248796384,"A"
2,6,"half",10.1409229189999,"B"
2,6,"half",10.2816270368257,"B"
2,6,"half",9.54332487279409,"C"
2,6,"half",9.03881345502778,"C"
2,6,"half",9.46667032026039,"B"
2,6,"half",9.50593254024693,"A"
2,6,"starvation",5.62091303627355,"A"
2,6,"starvation",5.95791982296957,"A"
2,6,"starvation",6.45058866890824,"B"
2,6,"starvation",6.27063353590909,"C"
2,6,"starvation",6.14702152209585,"A"
2,6,"starvation",5.71177544270961,"B"
2,6,"starvation",5.73966417156075,"B"
2,6,"starvation",6.44394493660793,"B"
2,6,"starvation",5.75306773415531,"C"
2,6,"starvation",6.47218754654292,"C"
2,7,"control",12.4274196584606,"B"
2,7,"control",11.9536433754465,"A"
2,7,"control",12.2841716893676,"C"
2,7,"control",12.3370271405603,"C"
2,7,"control",12.1168287848661,"B"
2,7,"control",12.8030548842044,"C"
2,7,"control",12.0802798432575,"C"
2,7,"control",12.4881873866186,"B"
2,7,"control",12.3991470503603,"B"
2,7,"control",12.975399863943,"B"
2,7,"half",10.4753348630604,"C"
2,7,"half",10.9288890467084,"A"
2,7,"half",10.2003993722918,"C"
2,7,"half",10.5192245931087,"C"
2,7,"half",10.3361791155325,"A"
2,7,"half",9.91394165504595,"A"
2,7,"half",10.9283522422009,"B"
2,7,"half",10.2739346139693,"A"
2,7,"half",10.4685122569764,"B"
2,7,"half",9.88926369284291,"C"
2,7,"starvation",6.33456707769009,"C"
2,7,"starvation",5.88480885288371,"A"
2,7,"starvation",5.89585454940873,"A"
2,7,"starvation",6.53510966421571,"C"
2,7,"starvation",6.37606324879933,"B"
2,7,"starvation",6.61747273480331,"C"
2,7,"starvation",5.98106147452576,"B"
2,7,"starvation",6.80393771507683,"C"
2,7,"starvation",5.82919463448334,"C"
2,7,"starvation",5.5741651034194,"A"
2,8,"control",12.1392027292748,"C"
2,8,"control",12.8506648454953,"A"
2,8,"control",13.2374301485077,"B"
2,8,"control",12.7357890553783,"B"
2,8,"control",12.3091140893957,"C"
2,8,"control",12.3126221228087,"A"
2,8,"control",13.507765609084,"B"
2,8,"control",12.8078529989571,"A"
2,8,"control",12.7696557291371,"B"
2,8,"control",12.3037051901214,"C"
2,8,"half",8.1058457321963,"C"
2,8,"half",9.87690270726995,"B"
2,8,"half",9.38689128999613,"C"
2,8,"half",8.33373763503553,"A"
2,8,"half",9.50256720079122,"A"
2,8,"half",9.48116545146407,"A"
2,8,"half",9.56177304570573,"B"
2,8,"half",9.45252565084154,"A"
2,8,"half",9.8320414849222,"A"
2,8,"half",9.35550178804345,"B"
2,8,"starvation",3.8551600234324,"C"
2,8,"starvation",4.74278130066007,"A"
2,8,"starvation",5.01807372754246,"B"
2,8,"starvation",4.09688938843038,"C"
2,8,"starvation",4.22505083421755,"B"
2,8,"starvation",4.29259249700676,"C"
2,8,"starvation",5.14471138028723,"B"
2,8,"starvation",4.44176190542339,"C"
2,8,"starvation",4.23945036952773,"B"
2,8,"starvation",3.95759778200525,"A"
2,9,"control",11.0742177087839,"C"
2,9,"control",10.2733633539087,"A"
2,9,"control",10.3085143443164,"B"
2,9,"control",10.6571279065923,"A"
2,9,"control",10.3520714217527,"A"
2,9,"control",10.3076069610502,"B"
2,9,"control",9.97861147429929,"C"
2,9,"control",10.3873535314844,"C"
2,9,"control",10.4178196722394,"C"
2,9,"control",10.5654553396047,"B"
2,9,"half",10.5362605167397,"B"
2,9,"half",10.4528174481418,"A"
2,9,"half",10.1933015516887,"A"
2,9,"half",9.81350576436522,"A"
2,9,"half",10.5060243726038,"A"
2,9,"half",10.1398901978484,"C"
2,9,"half",10.9910641673625,"C"
2,9,"half",10.5772596265169,"B"
2,9,"half",10.5081606346746,"B"
2,9,"half",10.6866431304797,"B"
2,9,"starvation",1.43751462571012,"A"
2,9,"starvation",2.38649315109654,"B"
2,9,"starvation",1.7682366101433,"C"
2,9,"starvation",2.97753743311495,"A"
2,9,"starvation",2.31054392905922,"A"
2,9,"starvation",2.31634654185382,"A"
2,9,"starvation",2.44140943497362,"A"
2,9,"starvation",2.31093826718513,"C"
2,9,"starvation",2.88544161118605,"C"
2,9,"starvation",2.076512561714,"A"
2,10,"control",10.6684182175537,"B"
2,10,"control",11.4410453135407,"A"
2,10,"control",11.0174954687345,"B"
2,10,"control",10.4669530597875,"A"
2,10,"control",11.0836589223177,"B"
2,10,"control",10.3621739992561,"B"
2,10,"control",10.881478963596,"B"
2,10,"control",10.1367690965997,"C"
2,10,"control",10.6811142866473,"B"
2,10,"control",10.1185727772097,"C"
2,10,"half",8.45995380094312,"C"
2,10,"half",7.89480508164532,"A"
2,10,"half",8.92785924350972,"A"
2,10,"half",8.10956785482747,"A"
2,10,"half",8.47256872068487,"A"
2,10,"half",8.58123190908799,"A"
2,10,"half",7.87309675830169,"A"
2,10,"half",8.62549071254381,"C"
2,10,"half",8.7993392361446,"C"
2,10,"half",7.69632871091586,"A"
2,10,"starvation",4.85157986888828,"C"
2,10,"starvation",5.19396701310854,"B"
2,10,"starvation",5.3324605314775,"C"
2,10,"starvation",5.24940762119088,"C"
2,10,"starvation",3.82685217335627,"B"
2,10,"starvation",4.91096426396117,"B"
2,10,"starvation",5.02303018372562,"C"
2,10,"starvation",4.03048453669775,"B"
2,10,"starvation",4.13166642806957,"B"
2,10,"starvation",4.72788825516567,"C"
3,0,"control",12.2190117554497,"B"
3,0,"control",12.1254239087743,"B"
3,0,"control",11.9740088327034,"C"
3,0,"control",12.6248284337965,"C"
3,0,"control",11.6597354203825,"A"
3,0,"control",10.9873987194475,"B"
3,0,"control",11.7942494320572,"B"
3,0,"control",11.8271140035821,"B"
3,0,"control",11.6368524332718,"C"
3,0,"control",11.487976081044,"A"
3,0,"half",11.5696886294688,"A"
3,0,"half",11.067738335893,"C"
3,0,"half",11.9385245932908,"B"
3,0,"half",12.0213308914862,"C"
3,0,"half",12.0186141716855,"A"
3,0,"half",11.7183423501526,"A"
3,0,"half",12.0302567269663,"B"
3,0,"half",11.185972303861,"C"
3,0,"half",12.3216527689647,"A"
3,0,"half",11.9380248340476,"C"
3,0,"starvation",11.8199903453915,"C"
3,0,"starvation",11.603810241415,"B"
3,0,"starvation",11.6088647126274,"A"
3,0,"starvation",12.2076147208293,"B"
3,0,"starvation",11.6163431436847,"A"
3,0,"starvation",12.0398707107616,"C"
3,0,"starvation",12.0211415375898,"A"
3,0,"starvation",11.3449655197462,"A"
3,0,"starvation",12.1946408366248,"B"
3,0,"starvation",12.0909627934473,"B"
3,1,"control",11.7659197656222,"B"
3,1,"control",12.0557572255858,"A"
3,1,"control",10.8925748594024,"A"
3,1,"control",11.5845468217378,"A"
3,1,"control",11.8227249027583,"B"
3,1,"control",11.7752500691672,"C"
3,1,"control",11.9214750647845,"C"
3,1,"control",11.5942349288646,"B"
3,1,"control",11.8382509309048,"B"
3,1,"control",11.9046649051901,"A"
3,1,"half",12.4253123558136,"A"
3,1,"half",11.463608495827,"A"
3,1,"half",11.9271976145027,"B"
3,1,"half",11.8027023104151,"A"
3,1,"half",12.262777682248,"A"
3,1,"half",11.9033786572651,"C"
3,1,"half",11.5605422178076,"C"
3,1,"half",11.8492871168154,"C"
3,1,"half",12.6203127495435,"A"
3,1,"half",12.7514749180285,"A"
3,1,"starvation",10.6728246190968,"C"
3,1,"starvation",11.1772646778103,"C"
3,1,"starvation",11.0571165302668,"C"
3,1,"starvation",10.966273074341,"A"
3,1,"starvation",11.5753184933847,"A"
3,1,"starvation",11.3151802097251,"C"
3,1,"starvation",11.6250914918503,"A"
3,1,"starvation",10.4028164891537,"B"
3,1,"starvation",10.6146590696413,"A"
3,1,"starvation",11.1464165792626,"A"
3,2,"control",11.5337802606574,"A"
3,2,"control",11.338215679806,"C"
3,2,"control",11.650973300311,"A"
3,2,"control",11.6889145501894,"C"
3,2,"control",12.0053323958751,"C"
3,2,"control",11.3502225058614,"C"
3,2,"control",12.2323883430635,"B"
3,2,"control",11.5846447301802,"A"
3,2,"control",11.0193137933937,"C"
3,2,"control",11.3406628163117,"B"
3,2,"half",11.4033864384266,"C"
3,2,"half",11.0568471419113,"C"
3,2,"half",11.5860998743912,"C"
3,2,"half",11.5077469566056,"C"
3,2,"half",11.3552544559263,"C"
3,2,"half",11.9080566561861,"A"
3,2,"half",11.9221449053515,"A"
3,2,"half",10.8949494968704,"A"
3,2,"half",12.1795294427304,"B"
3,2,"half",11.3885406821464,"B"
3,2,"starvation",10.3325501940387,"B"
3,2,"starvation",11.1294295692617,"A"
3,2,"starvation",10.3874742354798,"B"
3,2,"starvation",10.6628358562272,"A"
3,2,"starvation",9.97681951756765,"B"
3,2,"starvation",11.1490180946411,"A"
3,2,"starvation",10.4187762392318,"A"
3,2,"starvation",10.3802259613128,"C"
3,2,"starvation",10.3551411666847,"C"
3,2,"starvation",11.4727928453383,"A"
3,3,"control",12.0110998757659,"C"
3,3,"control",11.9083690208319,"B"
3,3,"control",12.4199713138223,"B"
3,3,"control",12.0157189239986,"B"
3,3,"control",11.5349126291225,"C"
3,3,"control",12.4674623724535,"B"
3,3,"control",12.1657215757044,"B"
3,3,"control",11.7885940399586,"A"
3,3,"control",11.7279986892117,"A"
3,3,"control",12.0218781612104,"A"
3,3,"half",10.8065768065222,"B"
3,3,"half",10.593861542351,"C"
3,3,"half",10.8186286767725,"A"
3,3,"half",11.1754567824546,"B"
3,3,"half",10.9222935661694,"A"
3,3,"half",10.6773767369994,"B"
3,3,"half",11.0290168598254,"B"
3,3,"half",10.9711011967571,"A"
3,3,"half",10.8177714336832,"B"
3,3,"half",11.1720376178415,"B"
3,3,"starvation",9.80589977308812,"B"
3,3,"starvation",9.54747847791171,"C"
3,3,"starvation",9.37587093762793,"B"
3,3,"starvation",9.69480412807707,"C"
3,3,"starvation",10.0247270842654,"C"
3,3,"starvation",10.0000766994447,"A"
3,3,"starvation",10.059868947151,"C"
3,3,"starvation",10.3211825928026,"A"
3,3,"starvation",10.2330375680257,"A"
3,3,"starvation",10.1035610263981,"B"
3,4,"control",12.6842325552438,"B"
3,4,"control",11.4735045049442,"C"
3,4,"control",11.7861237152646,"C"
3,4,"control",12.0068255621608,"A"
3,4,"control",12.0934661743152,"B"
3,4,"control",11.6423633066384,"C"
3,4,"control",11.2709984699481,"A"
3,4,"control",10.6800939029733,"C"
3,4,"control",10.7591753041915,"B"
3,4,"control",12.2947099464995,"A"
3,4,"half",10.4989451399199,"A"
3,4,"half",11.4223556182791,"B"
3,4,"half",10.7927594573599,"C"
3,4,"half",10.9764304174709,"B"
3,4,"half",10.7197739598983,"C"
3,4,"half",11.0215969893025,"B"
3,4,"half",10.1384571206876,"C"
3,4,"half",10.7968518192591,"C"
3,4,"half",10.953572123247,"A"
3,4,"half",10.3947640634424,"C"
3,4,"starvation",8.9619723014031,"A"
3,4,"starvation",8.8896383956433,"A"
3,4,"starvation",8.67058321154525,"A"
3,4,"starvation",8.20421376726487,"B"
3,4,"starvation",8.54266922232807,"A"
3,4,"starvation",9.03573838243022,"B"
3,4,"starvation",8.38219389856931,"B"
3,4,"starvation",8.81321726771355,"C"
3,4,"starvation",8.87266479320246,"C"
3,4,"starvation",8.72519486487624,"B"
3,5,"control",11.7968218341859,"C"
3,5,"control",11.6436875837539,"C"
3,5,"control",12.3740177829811,"C"
3,5,"control",12.2386864418062,"C"
3,5,"control",11.7826653717751,"B"
3,5,"control",12.4088266331757,"C"
3,5,"control",12.0491893506688,"A"
3,5,"control",12.155130288863,"C"
3,5,"control",12.4541461735944,"C"
3,5,"control",11.9742634285713,"B"
3,5,"half",9.41788391506761,"A"
3,5,"half",9.45230644972027,"C"
3,5,"half",9.75823857756123,"C"
3,5,"half",10.0638369729438,"A"
3,5,"half",10.1312707151509,"B"
3,5,"half",9.79813011225081,"C"
3,5,"half",9.34077158100905,"C"
3,5,"half",9.93890583800061,"C"
3,5,"half",10.344169907426,"B"
3,5,"half",9.47476216587432,"A"
3,5,"starvation",9.11656872519112,"C"
3,5,"starvation",9.00814518081947,"C"
3,5,"starvation",8.05659519681995,"A"
3,5,"starvation",8.97783696705157,"A"
3,5,"starvation",9.43633956980258,"B"
3,5,"starvation",8.65882334523492,"C"
3,5,"starvation",9.46697067080962,"B"
3,5,"starvation",7.80012625486108,"B"
3,5,"starvation",8.20645091466635,"A"
3,5,"starvation",8.52368089537329,"A"
3,6,"control",11.1785603916989,"A"
3,6,"control",10.4850861528546,"C"
3,6,"control",11.4451286100696,"B"
3,6,"control",11.2924201839021,"C"
3,6,"control",11.1725590837245,"C"
3,6,"control",11.3751800267226,"C"
3,6,"control",11.4316075320914,"C"
3,6,"control",11.6023596041666,"A"
3,6,"control",10.7996096172825,"A"
3,6,"control",11.3154291232765,"B"
3,6,"half",10.9779219523289,"C"
3,6,"half",11.6340393046954,"B"
3,6,"half",11.1963173358127,"A"
3,6,"half",11.4882876125338,"B"
3,6,"half",11.2880771657517,"A"
3,6,"half",11.7498365692825,"B"
3,6,"half",11.3990902023408,"A"
3,6,"half",11.4197786790428,"A"
3,6,"half",11.132501951543,"B"
3,6,"half",10.6524413530721,"C"
3,6,"starvation",7.20068879214475,"C"
3,6,"starvation",7.20370843699239,"B"
3,6,"starvation",6.66215392378692,"C"
3,6,"starvation",7.40874660404475,"A"
3,6,"starvation",7.19544963108579,"A"
3,6,"starvation",6.820337043638,"B"
3,6,"starvation",7.31595876543254,"A"
3,6,"starvation",8.26896561563307,"A"
3,6,"starvation",7.4924818840479,"C"
3,6,"starvation",6.91014651334605,"B"
3,7,"control",11.7473384043813,"C"
3,7,"control",12.3740690488072,"A"
3,7,"control",11.5710937308015,"B"
3,7,"control",12.3132308491295,"C"
3,7,"control",11.3666145470493,"B"
3,7,"control",12.0260243454972,"A"
3,7,"control",12.9998907550685,"A"
3,7,"control",11.8442960633617,"C"
3,7,"control",11.4040805872362,"C"
3,7,"control",11.8042415661239,"A"
3,7,"half",10.1478882186803,"C"
3,7,"half",10.2154316186232,"B"
3,7,"half",9.94197321977727,"A"
3,7,"half",10.7618824038229,"B"
3,7,"half",10.2588932611058,"A"
3,7,"half",10.0242518056393,"B"
3,7,"half",9.31878231068472,"B"
3,7,"half",10.1807188258057,"A"
3,7,"half",10.3259945334935,"B"
3,7,"half",10.4716271590712,"B"
3,7,"starvation",5.18824541001294,"C"
3,7,"starvation",5.31719438774402,"C"
3,7,"starvation",5.34231988683777,"A"
3,7,"starvation",5.12673532028858,"B"
3,7,"starvation",6.34041075464593,"A"
3,7,"starvation",5.07530947538947,"C"
3,7,"starvation",5.80946988032062,"B"
3,7,"starvation",5.57069296648738,"A"
3,7,"starvation",6.07088201068198,"A"
3,7,"starvation",5.31097381875205,"C"
3,8,"control",11.7685879945404,"A"
3,8,"control",11.5409854816037,"A"
3,8,"control",12.2578744427759,"B"
3,8,"control",11.624411330425,"B"
3,8,"control",11.2803768587772,"B"
3,8,"control",11.7621272639195,"A"
3,8,"control",11.4180633689659,"C"
3,8,"control",12.2171302875005,"C"
3,8,"control",11.3589879773382,"B"
3,8,"control",11.9897088834507,"B"
3,8,"half",11.2335152813932,"C"
3,8,"half",11.413046561642,"C"
3,8,"half",11.2061526006035,"A"
3,8,"half",11.2753000707799,"B"
3,8,"half",11.1300197406362,"A"
3,8,"half",11.2270805701407,"A"
3,8,"half",11.7055175424656,"B"
3,8,"half",11.1328890531201,"B"
3,8,"half",11.2191965173745,"B"
3,8,"half",11.0333732840056,"A"
3,8,"starvation",4.17666805289941,"B"
3,8,"starvation",4.14001639160613,"B"
3,8,"starvation",3.92173753489408,"C"
3,8,"starvation",5.04121653830196,"B"
3,8,"starvation",5.01750001274339,"A"
3,8,"starvation",4.29911288259258,"B"
3,8,"starvation",4.90596334214213,"A"
3,8,"starvation",4.29130257503894,"B"
3,8,"starvation",4.64479011566836,"B"
3,8,"starvation",4.60246977584543,"B"
3,9,"control",11.4996434457866,"A"
3,9,"control",11.4800424601254,"A"
3,9,"control",12.1910739971756,"B"
3,9,"control",11.8247394109857,"B"
3,9,"control",11.1808837254141,"C"
3,9,"control",12.5008711651846,"B"
3,9,"control",11.1499212762493,"B"
3,9,"control",11.6111603432628,"A"
3,9,"control",12.3730489997743,"B"
3,9,"control",11.8014214417957,"A"
3,9,"half",8.64411267012736,"C"
3,9,"half",9.14233930874799,"C"
3,9,"half",9.58321873907198,"A"
3,9,"half",9.55699412700839,"A"
3,9,"half",9.04975416728561,"B"
3,9,"half",8.86374901902445,"C"
3,9,"half",8.51553105816568,"A"
3,9,"half",8.95585961824817,"C"
3,9,"half",8.64718163075485,"B"
3,9,"half",8.52196301819873,"C"
3,9,"starvation",5.0675275516902,"C"
3,9,"starvation",5.62568716502179,"C"
3,9,"starvation",5.40559478259938,"C"
3,9,"starvation",4.73712273760202,"C"
3,9,"starvation",5.06645416155379,"B"
3,9,"starvation",4.61619727620822,"C"
3,9,"starvation",4.44699358703992,"C"
3,9,"starvation",4.82539352147859,"C"
3,9,"starvation",5.10967079079078,"C"
3,9,"starvation",5.97659661917412,"B"
3,10,"control",12.0009811600954,"C"
3,10,"control",10.8458276164606,"C"
3,10,"control",11.7243919808388,"A"
3,10,"control",11.6299823781425,"A"
3,10,"control",12.0356303430608,"B"
3,10,"control",12.2254287375412,"B"
3,10,"control",11.8643331670583,"B"
3,10,"control",10.8965490209965,"B"
3,10,"control",11.5429489735578,"C"
3,10,"control",12.0672598422139,"B"
3,10,"half",9.02677883792851,"C"
3,10,"half",9.12130094412348,"B"
3,10,"half",8.67606317309171,"B"
3,10,"half",8.78777963390377,"B"
3,10,"half",9.32942010214287,"B"
3,10,"half",9.69465431194623,"A"
3,10,"half",8.99752679996732,"B"
3,10,"half",9.11068890675399,"A"
3,10,"half",8.91694025025655,"A"
3,10,"half",9.55720209943372,"B"
3,10,"starvation",4.21506898275986,"C"
3,10,"starvation",4.38826072406813,"C"
3,10,"starvation",3.57049609470173,"B"
3,10,"starvation",3.74448253072859,"A"
3,10,"starvation",4.72463430010437,"A"
3,10,"starvation",4.58763938017307,"A"
3,10,"starvation",4.17007385984934,"C"
3,10,"starvation",4.27487587767397,"A"
3,10,"starvation",4.1037828292717,"B"
3,10,"starvation",4.29681936367031,"B"
4,0,"control",11.6952462032386,"B"
4,0,"control",12.2008473601764,"C"
4,0,"control",12.1682459706059,"C"
4,0,"control",12.2348313575878,"B"
4,0,"control",11.8232995515032,"A"
4,0,"control",11.504254169119,"A"
4,0,"control",11.8712704693643,"C"
4,0,"control",11.9440702885469,"B"
4,0,"control",11.7644291765191,"B"
4,0,"control",11.9002145938348,"A"
4,0,"half",11.452635053544,"B"
4,0,"half",11.2802080546901,"A"
4,0,"half",11.9907139238252,"B"
4,0,"half",11.597928846858,"C"
4,0,"half",10.9929321780846,"A"
4,0,"half",11.219084707087,"A"
4,0,"half",11.754949691554,"C"
4,0,"half",12.3938075293396,"B"
4,0,"half",11.5805222742081,"B"
4,0,"half",11.7709046174981,"B"
4,0,"starvation",11.761422927023,"A"
4,0,"starvation",11.9777140619484,"A"
4,0,"starvation",11.6642824198117,"A"
4,0,"starvation",11.768243847566,"A"
4,0,"starvation",12.6773482967962,"B"
4,0,"starvation",11.5213808811363,"C"
4,0,"starvation",11.3808123049892,"A"
4,0,"starvation",11.2808751183969,"B"
4,0,"starvation",11.2347057297234,"A"
4,0,"starvation",11.679630731897,"C"
4,1,"control",12.089216268555,"C"
4,1,"control",11.5560086140961,"C"
4,1,"control",11.7625496918416,"A"
4,1,"control",12.7245601559537,"B"
4,1,"control",11.353581536068,"C"
4,1,"control",12.0141275344273,"B"
4,1,"control",11.5652556776593,"A"
4,1,"control",12.1036548929647,"C"
4,1,"control",11.7770565969014,"B"
4,1,"control",11.6650104532303,"C"
4,1,"half",11.367908278888,"C"
4,1,"half",11.2846393807549,"B"
4,1,"half",11.363104298,"B"
4,1,"half",11.1861035816436,"A"
4,1,"half",11.8968222532598,"C"
4,1,"half",11.1648749365486,"A"
4,1,"half",11.0057315411274,"A"
4,1,"half",11.2211578683688,"C"
4,1,"half",11.8087961351473,"B"
4,1,"half",11.312750136193,"A"
4,1,"starvation",10.9135161096883,"A"
4,1,"starvation",10.9265329074933,"C"
4,1,"starvation",11.0863262499492,"A"
4,1,"starvation",11.1037009545452,"C"
4,1,"starvation",10.6160513289933,"A"
4,1,"starvation",11.3138676234081,"B"
4,1,"starvation",11.005241875954,"C"
4,1,"starvation",10.6431678502497,"C"
4,1,"starvation",10.7035574709964,"B"
4,1,"starvation",10.7141081938368,"A"
4,2,"control",12.1863742528494,"C"
4,2,"control",12.0712286683899,"B"
4,2,"control",11.8683407101187,"A"
4,2,"control",11.3773355371293,"C"
4,2,"control",12.4112639101391,"B"
4,2,"control",11.9463447803693,"A"
4,2,"control",11.4782287380493,"A"
4,2,"control",11.4869060081119,"C"
4,2,"control",11.4923441101484,"A"
4,2,"control",11.4757958590416,"B"
4,2,"half",11.921072834837,"A"
4,2,"half",10.789785204411,"A"
4,2,"half",11.1179205485198,"B"
4,2,"half",11.202673755979,"C"
4,2,"half",12.0410047343954,"A"
4,2,"half",11.1611120347708,"B"
4,2,"half",11.0356622648965,"A"
4,2,"half",11.4453302851242,"B"
4,2,"half",11.2626707217471,"C"
4,2,"half",11.7192720206285,"B"
4,2,"starvation",10.1812465557587,"B"
4,2,"starvation",9.87514249495914,"A"
4,2,"starvation",9.61168900649574,"A"
4,2,"starvation",9.58395962174987,"C"
4,2,"starvation",9.69599160694389,"A"
4,2,"starvation",10.2773194292592,"C"
4,2,"starvation",9.70449521286272,"C"
4,2,"starvation",9.70396891907281,"B"
4,2,"starvation",9.9966590364936,"C"
4,2,"starvation",10.3187925681681,"C"
4,3,"control",11.033234369061,"B"
4,3,"control",11.5286537918448,"A"
4,3,"control",11.3321239541201,"A"
4,3,"control",11.4576933626524,"C"
4,3,"control",11.9753575680159,"B"
4,3,"control",11.5379510004592,"B"
4,3,"control",10.780154314756,"A"
4,3,"control",12.0273627043379,"A"
4,3,"control",11.3093308923,"C"
4,3,"control",11.3583105959114,"C"
4,3,"half",10.045391782553,"A"
4,3,"half",11.5692129911944,"A"
4,3,"half",10.2555895474222,"C"
4,3,"half",9.85496476409612,"A"
4,3,"half",10.8381957371794,"C"
4,3,"half",10.4206779035689,"C"
4,3,"half",10.7763907787363,"B"
4,3,"half",10.5783374393508,"C"
4,3,"half",11.0632703310004,"A"
4,3,"half",10.9227597783181,"C"
4,3,"starvation",10.3361757344956,"A"
4,3,"starvation",9.73322410163817,"B"
4,3,"starvation",10.1946389824277,"A"
4,3,"starvation",9.54698525322008,"A"
4,3,"starvation",9.49514510807863,"C"
4,3,"starvation",9.50235915954326,"A"
4,3,"starvation",9.00965837650061,"B"
4,3,"starvation",10.0231859884381,"A"
4,3,"starvation",8.8228185928213,"B"
4,3,"starvation",10.2291197963595,"A"
4,4,"control",12.5475560035824,"B"
4,4,"control",11.8669831568737,"B"
4,4,"control",12.0210860207383,"B"
4,4,"control",11.5911878942618,"B"
4,4,"control",11.5160314025408,"C"
4,4,"control",11.7669505709868,"A"
4,4,"control",11.9658804236342,"A"
4,4,"control",11.3715742000544,"A"
4,4,"control",11.5072152339585,"B"
4,4,"control",11.7652806734542,"C"
4,4,"half",10.1341769448302,"C"
4,4,"half",10.5207092658341,"C"
4,4,"half",11.14309704389,"C"
4,4,"half",11.2313484982668,"B"
4,4,"half",10.6082755265303,"C"
4,4,"half",11.050893438585,"A"
4,4,"half",10.3544139964104,"A"
4,4,"half",10.2198616869307,"A"
4,4,"half",10.7794295612888,"B"
4,4,"half",10.0094521704541,"A"
4,4,"starvation",8.59069990836997,"C"
4,4,"starvation",8.76015496985544,"A"
4,4,"starvation",8.65556684991788,"B"
4,4,"starvation",8.74270249262393,"C"
4,4,"starvation",8.0622193588481,"A"
4,4,"starvation",9.02226905085353,"B"
4,4,"starvation",8.68992991434524,"C"
4,4,"starvation",8.49571879196067,"B"
4,4,"starvation",8.64481490828019,"B"
4,4,"starvation",8.24200837008818,"B"
4,5,"control",12.1475442697992,"B"
4,5,"control",12.1792856050247,"B"
4,5,"control",11.9731970389779,"B"
4,5,"control",11.5714945304271,"A"
4,5,"control",11.9700159023986,"B"
4,5,"control",11.8229755922161,"A"
4,5,"control",12.3149268456126,"A"
4,5,"control",11.5613922376486,"A"
4,5,"control",11.2065672053442,"A"
4,5,"control",12.3000459086613,"B"
4,5,"half",10.4033201772456,"A"
4,5,"half",10.3530194588404,"A"
4,5,"half",9.93649065174551,"C"
4,5,"half",10.2363649261039,"A"
4,5,"half",9.95268387165621,"A"
4,5,"half",10.1079661518786,"C"
4,5,"half",9.94413138964622,"C"
4,5,"half",10.6418077865825,"B"
4,5,"half",10.7435548576821,"B"
4,5,"half",10.881556200854,"A"
4,5,"starvation",7.99683825918601,"C"
4,5,"starvation",7.41834915024411,"C"
4,5,"starvation",7.18938962558446,"C"
4,5,"starvation",6.94121829958883,"C"
4,5,"starvation",7.72404261645964,"C"
4,5,"starvation",7.39819438981341,"B"
4,5,"starvation",7.47183376660566,"B"
4,5,"starvation",6.89139327863006,"A"
4,5,"starvation",6.69711792338179,"C"
4,5,"starvation",7.76727160385878,"A"
4,6,"control",11.2763457564079,"A"
4,6,"control",10.755720159535,"A"
4,6,"control",10.8576301791735,"C"
4,6,"control",11.4367507929692,"A"
4,6,"control",11.2309932750849,"B"
4,6,"control",10.9417002655313,"A"
4,6,"control",10.9567489403124,"C"
4,6,"control",11.4101141696261,"B"
4,6,"control",11.9903965882187,"B"
4,6,"control",11.4964642160747,"B"
4,6,"half",10.2695680666873,"B"
4,6,"half",10.2373469948587,"B"
4,6,"half",10.5631255774557,"C"
4,6,"half",10.660577642213,"A"
4,6,"half",10.7217294244616,"A"
4,6,"half",11.3536749568021,"B"
4,6,"half",10.2044690190611,"B"
4,6,"half",10.6136975486128,"B"
4,6,"half",11.4197436504278,"C"
4,6,"half",10.5722605326198,"C"
4,6,"starvation",7.02535692551186,"C"
4,6,"starvation",7.56774898676721,"C"
4,6,"starvation",6.89704695432887,"B"
4,6,"starvation",7.37556438044471,"C"
4,6,"starvation",7.0285327950918,"C"
4,6,"starvation",7.04595128470304,"A"
4,6,"starvation",7.61888032747623,"A"
4,6,"starvation",8.86784107434361,"C"
4,6,"starvation",7.35288753165525,"A"
4,6,"starvation",7.0023013579942,"C"
4,7,"control",11.6860448970779,"A"
4,7,"control",11.8991761829368,"C"
4,7,"control",11.3159882563304,"B"
4,7,"control",11.2550861973858,"A"
4,7,"control",11.9023011317359,"A"
4,7,"control",11.5501418032979,"B"
4,7,"control",11.8186504762987,"C"
4,7,"control",11.2963591471293,"C"
4,7,"control",11.2559227623884,"A"
4,7,"control",12.5001380060816,"A"
4,7,"half",9.28288565930516,"B"
4,7,"half",9.26919336913347,"B"
4,7,"half",9.85429186582279,"A"
4,7,"half",9.98718883858402,"B"
4,7,"half",9.88026634810408,"B"
4,7,"half",9.69906024787083,"C"
4,7,"half",9.66802440233991,"C"
4,7,"half",9.38388713845143,"A"
4,7,"half",9.31744880306494,"B"
4,7,"half",9.94997722998917,"A"
4,7,"starvation",6.37958291249005,"C"
4,7,"starvation",6.39681528573837,"B"
4,7,"starvation",6.62727287708732,"A"
4,7,"starvation",6.5821856799811,"C"
4,7,"starvation",6.87252551567089,"B"
4,7,"starvation",6.53758878497271,"A"
4,7,"starvation",7.19545492062155,"A"
4,7,"starvation",6.86173042010753,"A"
4,7,"starvation",7.27586176680153,"B"
4,7,"starvation",6.76898107376184,"A"
4,8,"control",11.3221193786325,"A"
4,8,"control",11.9706945103846,"A"
4,8,"control",11.4027954295606,"B"
4,8,"control",11.5189425471325,"A"
4,8,"control",11.4803263576195,"C"
4,8,"control",12.0420232900387,"A"
4,8,"control",11.2965023522298,"A"
4,8,"control",11.6603562938504,"C"
4,8,"control",11.5131410838219,"C"
4,8,"control",11.920363514579,"C"
4,8,"half",9.48822417951542,"A"
4,8,"half",10.4590540476835,"A"
4,8,"half",10.7143882345003,"C"
4,8,"half",9.64962811994222,"C"
4,8,"half",10.030163369542,"C"
4,8,"half",10.5877670562151,"C"
4,8,"half",9.22649316652363,"A"
4,8,"half",10.4631568340654,"B"
4,8,"half",10.2268482928848,"C"
4,8,"half",10.6973620520518,"A"
4,8,"starvation",6.10630722530337,"A"
4,8,"starvation",6.64083553234238,"C"
4,8,"starvation",5.85779144367427,"B"
4,8,"starvation",5.63617983542149,"B"
4,8,"starvation",6.41901880282628,"C"
4,8,"starvation",6.72210017211182,"B"
4,8,"starvation",5.91901217730724,"C"
4,8,"starvation",6.18484507127686,"A"
4,8,"starvation",6.40875806758057,"C"
4,8,"starvation",5.40896644254379,"B"
4,9,"control",11.5551131847433,"C"
4,9,"control",11.6662254975234,"C"
4,9,"control",11.2979764839688,"C"
4,9,"control",11.0962291385401,"C"
4,9,"control",11.1879543798936,"A"
4,9,"control",11.1523053343487,"B"
4,9,"control",11.0731254689834,"A"
4,9,"control",11.4390636019589,"A"
4,9,"control",11.0698689128257,"C"
4,9,"control",11.2842734502299,"A"
4,9,"half",10.6276815327312,"B"
4,9,"half",10.5100576616801,"A"
4,9,"half",10.3162897798522,"A"
4,9,"half",9.69235127067095,"C"
4,9,"half",9.89074776985792,"A"
4,9,"half",10.0767950819082,"A"
4,9,"half",10.5946126550078,"C"
4,9,"half",9.9732023840426,"A"
4,9,"half",9.76532877395295,"A"
4,9,"half",10.2231664827839,"A"
4,9,"starvation",4.21414299521572,"C"
4,9,"starvation",4.0249009631243,"C"
4,9,"starvation",4.32417824974414,"B"
4,9,"starvation",5.31390180122837,"C"
4,9,"starvation",4.27291742113498,"B"
4,9,"starvation",4.64463732818858,"B"
4,9,"starvation",4.48426616368462,"A"
4,9,"starvation",5.10017467485632,"B"
4,9,"starvation",4.79874778115763,"C"
4,9,"starvation",4.2449398231255,"A"
4,10,"control",11.3064617237334,"C"
4,10,"control",11.2492517022138,"B"
4,10,"control",11.8696709761024,"C"
4,10,"control",11.5868139153141,"C"
4,10,"control",12.3282012756069,"A"
4,10,"control",12.0110645399139,"C"
4,10,"control",12.3072988741367,"A"
4,10,"control",12.6032835971869,"C"
4,10,"control",12.1086106720015,"B"
4,10,"control",11.7480716849799,"C"
4,10,"half",12.0638767954847,"C"
4,10,"half",11.5689689587765,"C"
4,10,"half",12.7069626567938,"B"
4,10,"half",11.6928416696103,"C"
4,10,"half",12.8204951302241,"B"
4,10,"half",11.8358845966592,"B"
4,10,"half",12.022188357152,"C"
4,10,"half",12.1894709271656,"C"
4,10,"half",11.3914571896742,"C"
4,10,"half",12.0922773480427,"C"
4,10,"starvation",3.70768939137492,"C"
4,10,"starvation",2.8564139020935,"A"
4,10,"starvation",2.80566013231563,"A"
4,10,"starvation",2.9177903673427,"C"
4,10,"starvation",2.79083949972063,"B"
4,10,"starvation",2.59998425831041,"C"
4,10,"starvation",2.26662333064063,"C"
4,10,"starvation",2.53896256911254,"C"
4,10,"starvation",2.01645517794176,"C"
4,10,"starvation",3.08452202211432,"A"
5,0,"control",12.4793085655966,"A"
5,0,"control",11.5946121555328,"C"
5,0,"control",12.1857246777747,"A"
5,0,"control",11.2884180156777,"B"
5,0,"control",12.1584591350196,"A"
5,0,"control",12.5417095868177,"C"
5,0,"control",11.5381432738492,"B"
5,0,"control",11.8428786997139,"B"
5,0,"control",12.0670816080698,"A"
5,0,"control",12.2774229890153,"A"
5,0,"half",12.0698408787265,"A"
5,0,"half",11.530579508192,"A"
5,0,"half",11.5121666966241,"C"
5,0,"half",12.4158133297769,"A"
5,0,"half",12.2698420972572,"C"
5,0,"half",12.4188954538967,"C"
5,0,"half",11.5647930940715,"C"
5,0,"half",11.7995930064317,"B"
5,0,"half",11.1509428298089,"C"
5,0,"half",12.2295559970997,"C"
5,0,"starvation",12.2895230074376,"B"
5,0,"starvation",11.5608241893928,"B"
5,0,"starvation",11.964150063764,"B"
5,0,"starvation",11.4833412630254,"B"
5,0,"starvation",11.6193610962805,"A"
5,0,"starvation",11.7655813582006,"B"
5,0,"starvation",12.1447445768187,"A"
5,0,"starvation",11.465866837319,"C"
5,0,"starvation",12.3839661648757,"C"
5,0,"starvation",12.2580566010602,"C"
5,1,"control",11.6984408166587,"C"
5,1,"control",12.5351894879246,"A"
5,1,"control",11.6769413185387,"C"
5,1,"control",12.1514186800587,"A"
5,1,"control",11.9321992104304,"C"
5,1,"control",11.7276569297213,"B"
5,1,"control",11.3808037837872,"B"
5,1,"control",12.2425853038147,"B"
5,1,"control",11.5250385073764,"C"
5,1,"control",12.1467034867952,"A"
5,1,"half",11.4516771255202,"B"
5,1,"half",11.0150131589807,"B"
5,1,"half",12.021401067598,"B"
5,1,"half",11.5515626265969,"A"
5,1,"half",11.9565700821229,"A"
5,1,"half",11.7972085057471,"A"
5,1,"half",12.3935862521775,"A"
5,1,"half",11.5767961794399,"C"
5,1,"half",11.1621338186666,"B"
5,1,"half",11.5225931250258,"C"
5,1,"starvation",11.304677020911,"C"
5,1,"starvation",11.0289737558235,"A"
5,1,"starvation",10.8352528001224,"C"
5,1,"starvation",11.1893918650166,"B"
5,1,"starvation",11.0679303183875,"A"
5,1,"starvation",11.4308069953241,"A"
5,1,"starvation",10.572620404189,"C"
5,1,"starvation",10.7462811549214,"B"
5,1,"starvation",11.471520414406,"C"
5,1,"starvation",11.7347483939662,"A"
5,2,"control",12.0475220541579,"A"
5,2,"control",11.9039973558353,"A"
5,2,"control",11.3783240550267,"C"
5,2,"control",10.5496862889075,"C"
5,2,"control",10.6188680980634,"C"
5,2,"control",11.8276233364194,"A"
5,2,"control",11.8004385383293,"B"
5,2,"control",11.0123373786462,"B"
5,2,"control",11.6985190987471,"B"
5,2,"control",11.7027381927982,"A"
5,2,"half",11.4367034646233,"C"
5,2,"half",12.0446188839492,"A"
5,2,"half",11.4989516710261,"C"
5,2,"half",11.3803620570555,"A"
5,2,"half",11.2906798559682,"B"
5,2,"half",11.2373957509453,"C"
5,2,"half",11.0202539390077,"C"
5,2,"half",11.4727949163073,"B"
5,2,"half",11.8343622031307,"A"
5,2,"half",11.2638780758853,"B"
5,2,"starvation",10.6327904854387,"A"
5,2,"starvation",10.0099635609456,"C"
5,2,"starvation",10.1046184404214,"C"
5,2,"starvation",10.0199670205217,"C"
5,2,"starvation",9.77398609672172,"B"
5,2,"starvation",9.48061973914607,"A"
5,2,"starvation",10.1302714341206,"C"
5,2,"starvation",9.28220077272506,"B"
5,2,"starvation",9.79603680453476,"B"
5,2,"starvation",9.47680651632495,"B"
5,3,"control",12.133710642856,"C"
5,3,"control",11.4477350302052,"C"
5,3,"control",11.6851210545222,"B"
5,3,"control",11.9083626597115,"B"
5,3,"control",12.4025456493495,"B"
5,3,"control",11.7375211745213,"C"
5,3,"control",12.839888682202,"A"
5,3,"control",12.4465601495577,"B"
5,3,"control",12.3348437934181,"B"
5,3,"control",12.2386943654872,"C"
5,3,"half",11.2677166950764,"C"
5,3,"half",11.8147549168049,"B"
5,3,"half",11.0782304526681,"A"
5,3,"half",11.2216723189604,"C"
5,3,"half",10.8966624746405,"C"
5,3,"half",11.0428371201356,"A"
5,3,"half",12.0440930429944,"A"
5,3,"half",11.0848301074848,"B"
5,3,"half",11.4445553085738,"C"
5,3,"half",11.3880966120016,"A"
5,3,"starvation",9.81048302564574,"A"
5,3,"starvation",9.97585625391669,"B"
5,3,"starvation",10.4294980904075,"B"
5,3,"starvation",9.91982784778266,"B"
5,3,"starvation",9.03936866343346,"B"
5,3,"starvation",9.50611041669084,"B"
5,3,"starvation",9.5701454698518,"C"
5,3,"starvation",10.2305292900979,"A"
5,3,"starvation",9.75442538393495,"C"
5,3,"starvation",9.85833856665875,"B"
5,4,"control",11.4275257862495,"B"
5,4,"control",12.8456091896483,"A"
5,4,"control",12.7610823859704,"A"
5,4,"control",12.1661868651166,"C"
5,4,"control",11.9296871546536,"A"
5,4,"control",11.9333746206989,"B"
5,4,"control",12.7608968742465,"A"
5,4,"control",12.3724956429144,"C"
5,4,"control",11.5882992039274,"C"
5,4,"control",12.7932189762188,"C"
5,4,"half",11.3690183068651,"A"
5,4,"half",11.5956258250023,"C"
5,4,"half",11.1248791804141,"B"
5,4,"half",11.205273523765,"B"
5,4,"half",10.7367468533585,"C"
5,4,"half",11.2646118165195,"C"
5,4,"half",11.3703648641393,"B"
5,4,"half",11.6456626496803,"C"
5,4,"half",11.5828918481402,"B"
5,4,"half",11.4269093081469,"C"
5,4,"starvation",9.06934300299442,"C"
5,4,"starvation",8.80441880652659,"C"
5,4,"starvation",9.50073902421055,"C"
5,4,"starvation",9.42465337851873,"B"
5,4,"starvation",9.63824797513401,"B"
5,4,"starvation",9.31473850441451,"A"
5,4,"starvation",9.01111218805683,"B"
5,4,"starvation",9.38287760711269,"C"
5,4,"starvation",9.39263703533846,"A"
5,4,"starvation",9.3817830032673,"B"
5,5,"control",11.6756783154353,"B"
5,5,"control",11.8542315394373,"C"
5,5,"control",10.8982628970448,"C"
5,5,"control",10.8954736919607,"C"
5,5,"control",11.4766821734743,"A"
5,5,"control",11.4760242687287,"A"
5,5,"control",11.3153077785297,"A"
5,5,"control",10.9721753104171,"B"
5,5,"control",12.6178750815577,"A"
5,5,"control",11.5435644647151,"A"
5,5,"half",9.94105816975835,"A"
5,5,"half",10.7726135491153,"A"
5,5,"half",9.3340428337933,"C"
5,5,"half",9.62402231757667,"A"
5,5,"half",10.0249334594258,"C"
5,5,"half",9.31509691726466,"B"
5,5,"half",9.83998252447553,"C"
5,5,"half",9.86754415411324,"B"
5,5,"half",9.51569506019442,"B"
5,5,"half",9.14398771661583,"B"
5,5,"starvation",7.6614255476377,"A"
5,5,"starvation",7.00784896676695,"B"
5,5,"starvation",7.23585560894337,"C"
5,5,"starvation",7.35112768642327,"C"
5,5,"starvation",7.53307053305535,"A"
5,5,"starvation",7.52595663638441,"A"
5,5,"starvation",7.25742199938331,"A"
5,5,"starvation",6.89208499768221,"C"
5,5,"starvation",7.75541311986768,"A"
5,5,"starvation",6.86416695655122,"C"
5,6,"control",11.8993935430661,"C"
5,6,"control",11.6881956421896,"C"
5,6,"control",12.1880378122453,"A"
5,6,"control",12.3700285703862,"A"
5,6,"control",11.8944425867994,"C"
5,6,"control",11.8100871221647,"A"
5,6,"control",12.2139039166624,"A"
5,6,"control",12.0208258645416,"B"
5,6,"control",12.138279686879,"B"
5,6,"control",12.1670077733206,"C"
5,6,"half",11.1347763146056,"C"
5,6,"half",10.5364851104316,"C"
5,6,"half",10.3137720997524,"C"
5,6,"half",10.8517380207164,"C"
5,6,"half",11.5660502576111,"C"
5,6,"half",10.5129501371051,"C"
5,6,"half",11.308096838358,"A"
5,6,"half",11.391613169593,"B"
5,6,"half",11.0471739573717,"C"
5,6,"half",11.2770244516498,"C"
5,6,"starvation",7.43717026989704,"B"
5,6,"starvation",7.87542159859007,"B"
5,6,"starvation",7.2889749513347,"A"
5,6,"starvation",7.11268780072411,"B"
5,6,"starvation",6.71756183558248,"B"
5,6,"starvation",6.43483043534216,"C"
5,6,"starvation",6.89828978176688,"C"
5,6,"starvation",6.93148252873201,"A"
5,6,"starvation",7.1747169372597,"B"
5,6,"starvation",7.44438700009409,"A"
5,7,"control",13.3443730881556,"A"
5,7,"control",13.1047184000266,"B"
5,7,"control",12.6329358733274,"A"
5,7,"control",12.364026687989,"C"
5,7,"control",13.5987641373211,"A"
5,7,"control",12.5579750108675,"C"
5,7,"control",12.4896326430251,"C"
5,7,"control",12.6943255196756,"C"
5,7,"control",12.2327987794717,"C"
5,7,"control",13.4537721673036,"A"
5,7,"half",9.82294470474982,"B"
5,7,"half",10.6398642867362,"A"
5,7,"half",9.98338166552321,"A"
5,7,"half",10.0630566741853,"A"
5,7,"half",10.1223720104569,"C"
5,7,"half",10.5921710645995,"A"
5,7,"half",9.3002422863379,"B"
5,7,"half",10.6518308525184,"B"
5,7,"half",9.87675439899851,"A"
5,7,"half",10.0399581972179,"C"
5,7,"starvation",7.10313676909565,"A"
5,7,"starvation",6.91389697264586,"B"
5,7,"starvation",6.31378143670607,"B"
5,7,"starvation",6.0478369336754,"B"
5,7,"starvation",6.98367646021979,"A"
5,7,"starvation",5.78853357346706,"B"
5,7,"starvation",6.84880984924966,"A"
5,7,"starvation",6.67918781747612,"A"
5,7,"starvation",6.11455784232646,"C"
5,7,"starvation",6.47693888572603,"A"
5,8,"control",11.5840336458639,"B"
5,8,"control",11.6076389798266,"C"
5,8,"control",11.7911471186043,"C"
5,8,"control",12.9354250318172,"A"
5,8,"control",12.1194094977025,"A"
5,8,"control",11.993842795526,"B"
5,8,"control",11.9235342741072,"C"
5,8,"control",12.3298511407239,"C"
5,8,"control",11.7589378294255,"C"
5,8,"control",12.3444913076241,"A"
5,8,"half",9.83248207283445,"A"
5,8,"half",9.77879140301228,"B"
5,8,"half",9.18556902249967,"A"
5,8,"half",9.80528384704689,"C"
5,8,"half",9.61453237216776,"B"
5,8,"half",10.0129845568346,"C"
5,8,"half",8.94929332369939,"C"
5,8,"half",9.21078293180486,"B"
5,8,"half",9.27303269453737,"B"
5,8,"half",9.73184988888075,"A"
5,8,"starvation",5.31743871083823,"C"
5,8,"starvation",5.84151179565557,"A"
5,8,"starvation",5.72012662214812,"C"
5,8,"starvation",6.18174171280363,"B"
5,8,"starvation",5.99754519777584,"A"
5,8,"starvation",5.77354843313281,"A"
5,8,"starvation",5.52944413379156,"C"
5,8,"starvation",5.73026379631955,"A"
5,8,"starvation",4.68728558656374,"C"
5,8,"starvation",5.65564843462376,"B"
5,9,"control",10.3434787910446,"A"
5,9,"control",11.14685066905,"A"
5,9,"control",10.3596313641514,"B"
5,9,"control",10.3249553239892,"A"
5,9,"control",9.78046250896472,"B"
5,9,"control",10.5827313473797,"A"
5,9,"control",9.68780772885638,"B"
5,9,"control",9.98005146143086,"C"
5,9,"control",10.6992706488583,"C"
5,9,"control",10.6808407015806,"A"
5,9,"half",9.79538016001105,"A"
5,9,"half",10.5074554108257,"B"
5,9,"half",10.2317813090537,"A"
5,9,"half",10.3383983787204,"B"
5,9,"half",9.89438271845365,"C"
5,9,"half",9.64298798804297,"C"
5,9,"half",10.0649949307395,"A"
5,9,"half",10.186872174547,"B"
5,9,"half",10.0465082342324,"C"
5,9,"half",10.3700347905441,"A"
5,9,"starvation",3.45770263831204,"B"
5,9,"starvation",3.97382281182467,"C"
5,9,"starvation",3.89072621866116,"A"
5,9,"starvation",4.36368797118054,"C"
5,9,"starvation",4.03817076600972,"C"
5,9,"starvation",4.10777977560302,"B"
5,9,"starvation",3.87009278985931,"C"
5,9,"starvation",4.24783873459371,"C"
5,9,"starvation",3.73912307794739,"B"
5,9,"starvation",3.75440449091175,"A"
5,10,"control",11.9949749581105,"A"
5,10,"control",11.4951733399056,"C"
5,10,"control",11.5583707832207,"B"
5,10,"control",11.5471917005018,"B"
5,10,"control",12.154158544462,"A"
5,10,"control",11.2534166733161,"C"
5,10,"control",11.7691151713437,"A"
5,10,"control",10.9696263330959,"B"
5,10,"control",11.2168536694653,"B"
5,10,"control",11.2894250818976,"C"
5,10,"half",10.2096907657777,"B"
5,10,"half",10.0350704714359,"C"
5,10,"half",10.1178863459186,"C"
5,10,"half",9.68112849462658,"A"
5,10,"half",9.83710208149235,"B"
5,10,"half",9.5975309733453,"C"
5,10,"half",9.07287133716288,"B"
5,10,"half",9.87950047198611,"A"
5,10,"half",9.72504010313274,"C"
5,10,"half",9.85943551289848,"B"
5,10,"starvation",5.21174491450893,"C"
5,10,"starvation",6.54653744794463,"C"
5,10,"starvation",5.26478252618165,"C"
5,10,"starvation",4.69418115064476,"B"
5,10,"starvation",5.14823311490665,"A"
5,10,"starvation",5.55173463828874,"B"
5,10,"starvation",5.39944548679574,"B"
5,10,"starvation",4.39708618891801,"B"
5,10,"starvation",5.4299308721953,"A"
5,10,"starvation",5.26606978061262,"B"
6,0,"control",8.73825164691315,"A"
6,0,"control",8.67050887652397,"C"
6,0,"control",8.21934744190038,"C"
6,0,"control",8.36263592883416,"B"
6,0,"control",8.30823420525038,"B"
6,0,"control",8.08392035960028,"C"
6,0,"control",8.71443120183306,"C"
6,0,"control",8.30218483701289,"C"
6,0,"control",7.9546170730477,"B"
6,0,"control",7.874911579957,"C"
6,0,"half",8.97214398569279,"C"
6,0,"half",8.06975988691179,"B"
6,0,"half",8.43202470036402,"C"
6,0,"half",8.17158925963251,"A"
6,0,"half",8.81233958823192,"A"
6,0,"half",7.71708111872386,"C"
6,0,"half",8.8271108247833,"A"
6,0,"half",8.17323480306952,"B"
6,0,"half",8.14152197467867,"A"
6,0,"half",9.09522704228856,"B"
6,0,"starvation",7.94543060873261,"C"
6,0,"starvation",7.66010531179333,"B"
6,0,"starvation",8.27038821407235,"C"
6,0,"starvation",8.53571907402683,"C"
6,0,"starvation",8.17318737798619,"B"
6,0,"starvation",8.17764094594057,"A"
6,0,"starvation",8.05553890902097,"B"
6,0,"starvation",8.10313293528109,"A"
6,0,"starvation",8.6174297316999,"C"
6,0,"starvation",8.12279367721954,"B"
6,1,"control",8.10122158903956,"C"
6,1,"control",8.347181374822,"B"
6,1,"control",8.63384856770238,"B"
6,1,"control",8.25543033068956,"C"
6,1,"control",7.91925405354171,"A"
6,1,"control",7.79953876780934,"A"
6,1,"control",9.13470810864197,"C"
6,1,"control",8.62965793803784,"B"
6,1,"control",8.70442751461526,"A"
6,1,"control",8.26272536295887,"A"
6,1,"half",8.40682968882623,"A"
6,1,"half",8.07132623070759,"A"
6,1,"half",8.40905877475228,"A"
6,1,"half",7.8079495142736,"A"
6,1,"half",8.20431756461489,"A"
6,1,"half",8.42861760309014,"A"
6,1,"half",8.73776253707981,"A"
6,1,"half",9.11844160689327,"A"
6,1,"half",7.73579562162806,"A"
6,1,"half",7.66639524979866,"B"
6,1,"starvation",7.26739463157739,"A"
6,1,"starvation",7.56495863975533,"A"
6,1,"starvation",7.26771951567136,"B"
6,1,"starvation",7.75670550066947,"C"
6,1,"starvation",6.98463379704679,"C"
6,1,"starvation",7.48841039277126,"A"
6,1,"starvation",6.7313806578717,"C"
6,1,"starvation",8.03665114391608,"B"
6,1,"starvation",7.1015759016535,"A"
6,1,"starvation",7.88447234315294,"B"
6,2,"control",8.23374152404437,"B"
6,2,"control",9.13419153633162,"A"
6,2,"control",8.01189471523301,"B"
6,2,"control",9.18483846058365,"A"
6,2,"control",8.37817895570081,"C"
6,2,"control",8.35887091082573,"C"
6,2,"control",9.17510973434728,"C"
6,2,"control",8.46083256228376,"A"
6,2,"control",8.10122379493911,"C"
6,2,"control",8.35429498791379,"B"
6,2,"half",8.0712059510506,"A"
6,2,"half",8.33764035132039,"C"
6,2,"half",8.2820812377051,"C"
6,2,"half",8.64995552449473,"A"
6,2,"half",7.62216107705469,"A"
6,2,"half",7.5867518928754,"B"
6,2,"half",7.63998431843135,"C"
6,2,"half",8.17015772434685,"C"
6,2,"half",7.67824886285194,"C"
6,2,"half",7.61955349193309,"A"
6,2,"starvation",6.66959480925434,"B"
6,2,"starvation",7.08435184243374,"C"
6,2,"starvation",6.88159321410525,"A"
6,2,"starvation",6.80925139703128,"C"
6,2,"starvation",7.94915648168283,"B"
6,2,"starvation",6.92868477335904,"B"
6,2,"starvation",6.85490881240306,"B"
6,2,"starvation",6.42135883038817,"B"
6,2,"starvation",7.31265248012958,"A"
6,2,"starvation",7.07987366814244,"B"
6,3,"control",8.45697758554224,"B"
6,3,"control",8.47569259966028,"A"
6,3,"control",8.16598061415724,"B"
6,3,"control",9.09961654474186,"C"
6,3,"control",8.49665637894183,"C"
6,3,"control",9.26865880946074,"C"
6,3,"control",7.93978195104045,"C"
6,3,"control",8.39193861099762,"C"
6,3,"control",8.13047793299935,"A"
6,3,"control",8.35969756485612,"B"
6,3,"half",7.06540686355969,"A"
6,3,"half",7.19379374375164,"B"
6,3,"half",6.33986544087785,"B"
6,3,"half",8.07998917705013,"C"
6,3,"half",7.4083498129235,"A"
6,3,"half",7.30709474847367,"A"
6,3,"half",7.12122963494688,"C"
6,3,"half",7.58826742589329,"A"
6,3,"half",7.79910218940192,"C"
6,3,"half",6.93737463825679,"A"
6,3,"starvation",6.02774598250732,"A"
6,3,"starvation",6.22103625085215,"A"
6,3,"starvation",6.42627154688126,"A"
6,3,"starvation",6.19284383105384,"C"
6,3,"starvation",5.67343787496309,"A"
6,3,"starvation",5.75999338993581,"B"
6,3,"starvation",5.4655214169524,"B"
6,3,"starvation",5.92064943700461,"A"
6,3,"starvation",6.73250209663212,"B"
6,3,"starvation",6.09060873667782,"C"
6,4,"control",9.21951528106329,"B"
6,4,"control",9.29073132951833,"A"
6,4,"control",9.01196818206043,"C"
6,4,"control",9.03867317429504,"B"
6,4,"control",8.98302517345677,"C"
6,4,"control",8.67263578018932,"B"
6,4,"control",8.9940727178656,"C"
6,4,"control",9.41112549437544,"B"
6,4,"control",8.83423564164702,"A"
6,4,"control",8.63970256014229,"B"
6,4,"half",8.99736347462162,"A"
6,4,"half",8.73782949084286,"A"
6,4,"half",8.61430270542202,"A"
6,4,"half",8.51798627406931,"A"
6,4,"half",8.62436983229545,"A"
6,4,"half",8.30881480815596,"C"
6,4,"half",8.45089953846085,"A"
6,4,"half",7.98660652840954,"B"
6,4,"half",8.8140567236614,"A"
6,4,"half",7.88274480800301,"C"
6,4,"starvation",4.87054133331181,"B"
6,4,"starvation",4.71404098379736,"C"
6,4,"starvation",5.1739439844656,"B"
6,4,"starvation",5.05128016528818,"C"
6,4,"starvation",5.66901860763549,"A"
6,4,"starvation",5.70878333687198,"C"
6,4,"starvation",5.38459067156133,"B"
6,4,"starvation",4.51230020693465,"C"
6,4,"starvation",5.40343253210049,"C"
6,4,"starvation",5.26043055349962,"B"
6,5,"control",8.52070151389796,"B"
6,5,"control",8.71802010830153,"B"
6,5,"control",9.08655419194478,"C"
6,5,"control",9.32746247662808,"B"
6,5,"control",9.45159364821128,"A"
6,5,"control",8.79883439436892,"C"
6,5,"control",8.65185408691753,"B"
6,5,"control",8.83416790403289,"B"
6,5,"control",8.42539623560126,"C"
6,5,"control",8.84741580377579,"C"
6,5,"half",8.04505919070795,"B"
6,5,"half",7.65483222232842,"C"
6,5,"half",8.56139950960017,"B"
6,5,"half",7.34045011347731,"B"
6,5,"half",8.44793109955627,"A"
6,5,"half",8.03369430632178,"B"
6,5,"half",7.39535265211844,"A"
6,5,"half",7.75150786319457,"C"
6,5,"half",7.72769063988204,"C"
6,5,"half",7.80968412992602,"A"
6,5,"starvation",4.2105398985588,"C"
6,5,"starvation",4.71795011936924,"C"
6,5,"starvation",4.74634803247212,"B"
6,5,"starvation",4.89489851855141,"C"
6,5,"starvation",4.99471215378686,"C"
6,5,"starvation",4.95590216671747,"A"
6,5,"starvation",4.1136918403811,"A"
6,5,"starvation",4.87070427181138,"C"
6,5,"starvation",4.266279403022,"C"
6,5,"starvation",4.29060982353236,"A"
6,6,"control",8.1629004175983,"C"
6,6,"control",7.69463232803439,"C"
6,6,"control",8.19283820255566,"B"
6,6,"control",7.34840005809413,"B"
6,6,"control",8.05753532717412,"C"
6,6,"control",7.77282679497908,"C"
6,6,"control",8.08655870374515,"B"
6,6,"control",7.69890279395987,"C"
6,6,"control",7.85551921871268,"C"
6,6,"control",7.95533270617078,"B"
6,6,"half",6.09449564410232,"C"
6,6,"half",6.5211230091077,"B"
6,6,"half",6.34636052535954,"B"
6,6,"half",7.24182789833971,"A"
6,6,"half",6.83466779821449,"A"
6,6,"half",6.23164530353191,"C"
6,6,"half",6.41148747040106,"B"
6,6,"half",6.75665921133726,"A"
6,6,"half",6.34480376954853,"A"
6,6,"half",7.24373704442007,"A"
6,6,"starvation",3.86790007533838,"C"
6,6,"starvation",4.33325947676905,"A"
6,6,"starvation",3.67326900206636,"A"
6,6,"starvation",4.16517558727007,"B"
6,6,"starvation",4.6401824904854,"C"
6,6,"starvation",4.8339577658066,"A"
6,6,"starvation",4.25119063379816,"C"
6,6,"starvation",4.00407347221864,"A"
6,6,"starvation",4.04526049846584,"C"
6,6,"starvation",3.62977385565143,"A"
6,7,"control",8.33953119898207,"C"
6,7,"control",7.98341103102369,"B"
6,7,"control",8.81054942530165,"A"
6,7,"control",8.80044875241494,"A"
6,7,"control",8.34133788054164,"C"
6,7,"control",8.51908815361382,"A"
6,7,"control",7.92324101556336,"C"
6,7,"control",8.86970891106546,"A"
6,7,"control",8.05887319605396,"B"
6,7,"control",8.52699791904365,"B"
6,7,"half",6.23874360484993,"C"
6,7,"half",6.40996473378471,"A"
6,7,"half",6.69197088136008,"C"
6,7,"half",6.627839861428,"A"
6,7,"half",6.02946485807462,"B"
6,7,"half",4.78557228320627,"A"
6,7,"half",6.18011273328981,"C"
6,7,"half",6.70146646165824,"A"
6,7,"half",6.03955108139107,"A"
6,7,"half",6.92568518348564,"A"
6,7,"starvation",3.54674121103237,"B"
6,7,"starvation",3.77477546095358,"B"
6,7,"starvation",3.72005935317601,"C"
6,7,"starvation",3.72538672185842,"A"
6,7,"starvation",3.43661670883039,"B"
6,7,"starvation",3.05802103370579,"C"
6,7,"starvation",4.65729796262412,"A"
6,7,"starvation",4.0304795981788,"C"
6,7,"starvation",4.24161687600906,"B"
6,7,"starvation",4.0424464148696,"B"
6,8,"control",6.67310423220567,"B"
6,8,"control",8.33896978823996,"C"
6,8,"control",7.91110067843706,"A"
6,8,"control",7.19076781956625,"B"
6,8,"control",7.41837556254208,"B"
6,8,"control",7.26158123469689,"B"
6,8,"control",7.74310970065792,"A"
6,8,"control",7.76634807902616,"C"
6,8,"control",6.85944984476611,"B"
6,8,"control",7.25188924189466,"C"
6,8,"half",7.20998231430869,"C"
6,8,"half",7.11994633151461,"B"
6,8,"half",7.08632102802093,"C"
6,8,"half",7.09256513499401,"A"
6,8,"half",6.60131556684123,"C"
6,8,"half",6.93623114194966,"B"
6,8,"half",6.67576862689046,"C"
6,8,"half",6.51601025485769,"C"
6,8,"half",7.31377211320956,"A"
6,8,"half",7.24020094911149,"B"
6,8,"starvation",-0.470077630855925,"B"
6,8,"starvation",-0.00605904086843334,"C"
6,8,"starvation",-0.224665006410938,"B"
6,8,"starvation",0.613125196917507,"B"
6,8,"starvation",-0.0829978947488765,"B"
6,8,"starvation",0.448397063903105,"A"
6,8,"starvation",0.38889681364626,"C"
6,8,"starvation",-0.603340874230442,"B"
6,8,"starvation",0.0387944987444012,"B"
6,8,"starvation",-0.306044395700572,"B"
6,9,"control",8.8818050687623,"C"
6,9,"control",8.71801570275651,"A"
6,9,"control",8.65717925350774,"C"
6,9,"control",9.56731813997805,"B"
6,9,"control",9.34238830024092,"A"
6,9,"control",9.42095466824256,"A"
6,9,"control",10.1783429198349,"A"
6,9,"control",8.73029203303325,"B"
6,9,"control",8.81603918629552,"C"
6,9,"control",9.02435386519724,"B"
6,9,"half",7.08069262004081,"A"
6,9,"half",6.42135905689815,"C"
6,9,"half",6.7661841851081,"A"
6,9,"half",6.002087980151,"A"
6,9,"half",7.08455145587212,"B"
6,9,"half",6.57258586363441,"A"
6,9,"half",5.92289875541386,"A"
6,9,"half",6.72377225807577,"B"
6,9,"half",7.03101893622311,"A"
6,9,"half",6.75661687806539,"C"
6,9,"starvation",0.588533534913299,"C"
6,9,"starvation",0.909455817653989,"C"
6,9,"starvation",1.20968823132134,"B"
6,9,"starvation",0.725255013073972,"A"
6,9,"starvation",1.27254202463683,"C"
6,9,"starvation",0.659058472634379,"C"
6,9,"starvation",1.39520432408247,"B"
6,9,"starvation",0.664439415777257,"A"
6,9,"starvation",0.893038795075578,"A"
6,9,"starvation",0.655607272068425,"C"
6,10,"control",8.76881998814998,"A"
6,10,"control",8.73476250414846,"A"
6,10,"control",8.29531956948805,"C"
6,10,"control",8.18491871422896,"C"
6,10,"control",7.82504124303201,"A"
6,10,"control",8.73337156158792,"C"
6,10,"control",8.03553395734818,"A"
6,10,"control",8.32131895432372,"C"
6,10,"control",7.82071035615345,"B"
6,10,"control",8.08114568147924,"C"
6,10,"half",5.88917769957847,"B"
6,10,"half",5.9151010327299,"B"
6,10,"half",6.06864777384602,"C"
6,10,"half",5.76808660137053,"B"
6,10,"half",6.45136294492222,"A"
6,10,"half",5.78196161880175,"A"
6,10,"half",5.94287560536671,"A"
6,10,"half",5.9273415375738,"B"
6,10,"half",6.2778926035542,"A"
6,10,"half",6.25921158022395,"C"
6,10,"starvation",1.37541135987741,"B"
6,10,"starvation",0.634337834696233,"B"
6,10,"starvation",0.869064393977982,"B"
6,10,"starvation",1.3478353573899,"B"
6,10,"starvation",1.69044447493242,"B"
6,10,"starvation",1.58306948400236,"A"
6,10,"starvation",1.3779358872752,"C"
6,10,"starvation",1.02566712382879,"A"
6,10,"starvation",0.721628162384374,"C"
6,10,"starvation",1.89881266404018,"B"
7,0,"control",9.86690381165582,"C"
7,0,"control",9.03477250488299,"A"
7,0,"control",9.57425175810003,"C"
7,0,"control",9.45429653923064,"C"
7,0,"control",9.49797262827747,"A"
7,0,"control",8.56366394049928,"C"
7,0,"control",8.4165827798827,"C"
7,0,"control",9.65041577764982,"C"
7,0,"control",9.43359048293413,"A"
7,0,"control",9.36939796754956,"B"
7,0,"half",9.61394200360005,"C"
7,0,"half",8.52399691998292,"A"
7,0,"half",9.79250348393552,"A"
7,0,"half",10.0105142483126,"B"
7,0,"half",9.53541233516389,"C"
7,0,"half",9.25160116853544,"A"
7,0,"half",8.95046968461134,"C"
7,0,"half",8.74925434541285,"B"
7,0,"half",9.56344016751863,"A"
7,0,"half",8.19282592856329,"C"
7,0,"starvation",9.63590710797586,"B"
7,0,"starvation",8.84650129342109,"C"
7,0,"starvation",9.00902264731839,"A"
7,0,"starvation",9.43918806191581,"C"
7,0,"starvation",9.19267725755129,"C"
7,0,"starvation",9.4819539529311,"B"
7,0,"starvation",9.85334410789921,"C"
7,0,"starvation",9.48538800830636,"B"
7,0,"starvation",9.21083084590424,"A"
7,0,"starvation",9.35453323986073,"C"
7,1,"control",9.09942076079571,"C"
7,1,"control",9.75833665206311,"A"
7,1,"control",9.21499421278042,"A"
7,1,"control",9.32630465701347,"A"
7,1,"control",8.93962124356708,"A"
7,1,"control",8.57047924403034,"B"
7,1,"control",8.28972574717017,"C"
7,1,"control",9.09894803565989,"C"
7,1,"control",8.63643967622602,"B"
7,1,"control",9.16514907452321,"A"
7,1,"half",8.87214163656324,"B"
7,1,"half",9.00339764550997,"C"
7,1,"half",9.11934018378366,"C"
7,1,"half",8.91304035610493,"A"
7,1,"half",8.542709017007,"A"
7,1,"half",9.47266168601109,"A"
7,1,"half",9.26587315006284,"B"
7,1,"half",9.3595422934978,"B"
7,1,"half",8.87748731942127,"B"
7,1,"half",8.90842798323678,"B"
7,1,"starvation",8.75865687849501,"C"
7,1,"starvation",8.51285454596129,"B"
7,1,"starvation",8.56067389637009,"A"
7,1,"starvation",8.59661040501475,"A"
7,1,"starvation",8.69905043494765,"C"
7,1,"starvation",8.84796459659308,"B"
7,1,"starvation",8.59872312666638,"B"
7,1,"starvation",8.1126289066621,"B"
7,1,"starvation",7.9469561483201,"B"
7,1,"starvation",8.26937195649352,"C"
7,2,"control",8.80356429153723,"B"
7,2,"control",8.62205736964261,"A"
7,2,"control",8.95324714882032,"A"
7,2,"control",8.89782033915725,"B"
7,2,"control",9.4203613554328,"A"
7,2,"control",9.16888107627141,"A"
7,2,"control",9.22380725269214,"C"
7,2,"control",8.71303663338651,"A"
7,2,"control",9.21442791987182,"B"
7,2,"control",9.82650152110497,"B"
7,2,"half",9.3170146150462,"A"
7,2,"half",9.35291503929286,"B"
7,2,"half",9.65143429995898,"B"
7,2,"half",8.87192132378182,"A"
7,2,"half",9.97611838459269,"C"
7,2,"half",8.46656781979496,"A"
7,2,"half",9.27676495499323,"C"
7,2,"half",9.31188396813966,"A"
7,2,"half",8.82528599350278,"B"
7,2,"half",9.0635637988502,"C"
7,2,"starvation",7.98283098370027,"C"
7,2,"starvation",8.42255942981802,"A"
7,2,"starvation",8.00071444964991,"B"
7,2,"starvation",7.20414915715831,"C"
7,2,"starvation",7.1433842822061,"A"
7,2,"starvation",7.8776642747626,"A"
7,2,"starvation",7.60611682834665,"B"
7,2,"starvation",7.37231004839589,"B"
7,2,"starvation",7.7889377642155,"A"
7,2,"starvation",8.67874562193442,"A"
7,3,"control",9.32027736340511,"C"
7,3,"control",9.5971968047839,"A"
7,3,"control",9.84181921641909,"C"
7,3,"control",10.0781496758859,"B"
7,3,"control",9.48582375801069,"A"
7,3,"control",9.34366691788853,"C"
7,3,"control",9.48254200611623,"C"
7,3,"control",8.75568457094057,"A"
7,3,"control",9.45357008236251,"A"
7,3,"control",9.79302298751584,"A"
7,3,"half",8.23950796997264,"A"
7,3,"half",8.32854096690787,"C"
7,3,"half",8.52136027387048,"A"
7,3,"half",9.0131425458242,"B"
7,3,"half",8.81167156293869,"A"
7,3,"half",8.14955392826744,"A"
7,3,"half",9.20809142110353,"A"
7,3,"half",9.0138012956764,"A"
7,3,"half",9.04710629369954,"A"
7,3,"half",8.70668556271224,"C"
7,3,"starvation",7.80596569366796,"A"
7,3,"starvation",7.10845985907977,"A"
7,3,"starvation",7.44096745749868,"A"
7,3,"starvation",7.33085474530065,"C"
7,3,"starvation",7.16112493714581,"B"
7,3,"starvation",7.43566932344502,"C"
7,3,"starvation",6.99142989283632,"A"
7,3,"starvation",7.39445876872901,"A"
7,3,"starvation",7.44596286739193,"C"
7,3,"starvation",7.54542281781831,"C"
7,4,"control",9.6144568574254,"B"
7,4,"control",9.16171992257683,"A"
7,4,"control",9.17168130970435,"B"
7,4,"control",9.48336559688352,"A"
7,4,"control",10.0968466383595,"A"
7,4,"control",9.96763308370908,"C"
7,4,"control",9.64041562577849,"B"
7,4,"control",9.1885903691113,"C"
7,4,"control",8.55713527859199,"A"
7,4,"control",9.53165933383438,"C"
7,4,"half",8.59784993127724,"C"
7,4,"half",8.55459360471782,"A"
7,4,"half",9.03883963027666,"A"
7,4,"half",8.2613437379566,"A"
7,4,"half",8.03209136900651,"B"
7,4,"half",8.42316712263002,"B"
7,4,"half",8.74810354041651,"B"
7,4,"half",8.48652554622224,"B"
7,4,"half",7.85361106845349,"B"
7,4,"half",8.20350317237288,"B"
7,4,"starvation",6.33580386032437,"B"
7,4,"starvation",6.25269253235573,"A"
7,4,"starvation",5.64055220266377,"B"
7,4,"starvation",5.82633891374805,"A"
7,4,"starvation",5.15408024460321,"C"
7,4,"starvation",6.06534205679632,"C"
7,4,"starvation",6.93301960503689,"A"
7,4,"starvation",6.5498682215692,"C"
7,4,"starvation",6.13544405463425,"C"
7,4,"starvation",5.67530989230543,"A"
7,5,"control",9.14559994168153,"C"
7,5,"control",9.56930725134042,"C"
7,5,"control",9.17017541655263,"C"
7,5,"control",9.31760740571095,"A"
7,5,"control",9.63459993804791,"C"
7,5,"control",8.97298212423019,"C"
7,5,"control",9.61861048119111,"B"
7,5,"control",9.31955439261624,"C"
7,5,"control",9.63560667989663,"C"
7,5,"control",9.66567126916938,"A"
7,5,"half",7.9974775534878,"B"
7,5,"half",8.24078941445326,"C"
7,5,"half",7.72396287848045,"A"
7,5,"half",8.0869578706968,"C"
7,5,"half",7.46482606192915,"B"
7,5,"half",7.85923247943338,"B"
7,5,"half",8.30337718430316,"C"
7,5,"half",8.21462511217009,"B"
7,5,"half",7.61925071982108,"B"
7,5,"half",8.60510494833185,"C"
7,5,"starvation",5.80491547228896,"B"
7,5,"starvation",5.17051796143685,"C"
7,5,"starvation",4.95639552950167,"A"
7,5,"starvation",5.8364398672607,"A"
7,5,"starvation",4.63371803882338,"B"
7,5,"starvation",4.69610995470181,"B"
7,5,"starvation",4.89537255087868,"B"
7,5,"starvation",5.66653733945837,"B"
7,5,"starvation",5.23530853232793,"C"
7,5,"starvation",4.978889628938,"C"
7,6,"control",7.8453954631731,"B"
7,6,"control",8.38794933312037,"A"
7,6,"control",7.96241562515611,"B"
7,6,"control",7.76594300442695,"B"
7,6,"control",8.78546005998794,"A"
7,6,"control",7.48576842058879,"C"
7,6,"control",7.97580314709786,"B"
7,6,"control",8.29995006172985,"B"
7,6,"control",8.31217727400164,"C"
7,6,"control",8.45386397210548,"C"
7,6,"half",7.42772989254621,"C"
7,6,"half",7.78352965501758,"A"
7,6,"half",7.75457476069903,"C"
7,6,"half",7.87816042871173,"A"
7,6,"half",7.76340005087616,"B"
7,6,"half",7.70782522650217,"A"
7,6,"half",7.62348389295435,"B"
7,6,"half",7.45955689491665,"B"
7,6,"half",7.28926157004129,"A"
7,6,"half",7.20271532205932,"A"
7,6,"starvation",5.13564764217284,"A"
7,6,"starvation",5.36586802340062,"C"
7,6,"starvation",5.89522780612488,"B"
7,6,"starvation",5.86409490212823,"A"
7,6,"starvation",4.93281298150948,"A"
7,6,"starvation",6.14619978386676,"B"
7,6,"starvation",5.18384608546626,"B"
7,6,"starvation",6.38876431637813,"A"
7,6,"starvation",5.40927641739961,"C"
7,6,"starvation",5.22274401506489,"B"
7,7,"control",10.4965421778013,"A"
7,7,"control",11.3026744459223,"C"
7,7,"control",10.5601922753208,"C"
7,7,"control",10.2077055578951,"A"
7,7,"control",10.7499903999864,"A"
7,7,"control",10.7639675410276,"B"
7,7,"control",10.5777517170635,"A"
7,7,"control",10.5870382793813,"B"
7,7,"control",10.7452263344107,"C"
7,7,"control",9.85308292195607,"C"
7,7,"half",8.77570299299998,"A"
7,7,"half",7.86322206040754,"C"
7,7,"half",9.24989076606861,"B"
7,7,"half",8.31466584577164,"A"
7,7,"half",8.57319918946698,"A"
7,7,"half",8.16570456848886,"B"
7,7,"half",8.97084178663671,"C"
7,7,"half",8.2061111641718,"A"
7,7,"half",8.70583480693297,"B"
7,7,"half",8.25541944821228,"B"
7,7,"starvation",2.83353085406399,"B"
7,7,"starvation",3.76629598474428,"A"
7,7,"starvation",4.38598234378689,"C"
7,7,"starvation",3.77018633864636,"B"
7,7,"starvation",2.8105578164845,"B"
7,7,"starvation",3.99644270331551,"A"
7,7,"starvation",3.63540343950575,"A"
7,7,"starvation",3.3849922999487,"B"
7,7,"starvation",3.84451940482807,"C"
7,7,"starvation",3.79056052808291,"B"
7,8,"control",8.98854857047832,"B"
7,8,"control",9.30314870270715,"A"
7,8,"control",8.7701547173402,"B"
7,8,"control",9.65828313281729,"B"
7,8,"control",9.48475558678114,"C"
7,8,"control",9.40538460393896,"B"
7,8,"control",9.16439444537684,"B"
7,8,"control",9.22075673538182,"C"
7,8,"control",9.21134572373155,"A"
7,8,"control",9.83625220921888,"B"
7,8,"half",9.31981287277032,"B"
7,8,"half",8.93698663065088,"C"
7,8,"half",8.74041372840984,"B"
7,8,"half",9.61498873146503,"B"
7,8,"half",8.98454828173988,"C"
7,8,"half",8.93076728265209,"B"
7,8,"half",8.36322379188735,"B"
7,8,"half",8.13595684455344,"B"
7,8,"half",8.51748208021674,"A"
7,8,"half",8.56797016275154,"A"
7,8,"starvation",3.81310281419964,"C"
7,8,"starvation",3.96726388872084,"A"
7,8,"starvation",4.24373925568145,"C"
7,8,"starvation",3.30081990481973,"A"
7,8,"starvation",4.19774261799756,"B"
7,8,"starvation",3.97657608915426,"C"
7,8,"starvation",4.63311100799823,"B"
7,8,"starvation",3.42703350463918,"B"
7,8,"starvation",4.46143216156297,"A"
7,8,"starvation",4.31307342110826,"B"
7,9,"control",7.66099048806042,"A"
7,9,"control",7.48052002394247,"B"
7,9,"control",7.01506688119964,"A"
7,9,"control",7.64802293330057,"A"
7,9,"control",7.41110609190527,"B"
7,9,"control",6.72626131664137,"C"
7,9,"control",7.88191549581785,"A"
7,9,"control",6.79938320563047,"C"
7,9,"control",7.86706473716282,"A"
7,9,"control",6.8463904585788,"C"
7,9,"half",6.62551674356845,"B"
7,9,"half",7.48864883141541,"C"
7,9,"half",6.41455576479682,"A"
7,9,"half",6.05968652922094,"A"
7,9,"half",6.77373440535441,"A"
7,9,"half",6.74282168976712,"A"
7,9,"half",6.9408500948381,"B"
7,9,"half",6.58730956490758,"A"
7,9,"half",6.80392547250879,"A"
7,9,"half",6.74521141296378,"B"
7,9,"starvation",2.87646409797265,"C"
7,9,"starvation",1.74095269922375,"B"
7,9,"starvation",1.77549289030362,"A"
7,9,"starvation",1.86056822063139,"B"
7,9,"starvation",2.04366418794415,"A"
7,9,"starvation",2.48447488161216,"C"
7,9,"starvation",2.4141520289875,"B"
7,9,"starvation",2.16699135839973,"B"
7,9,"starvation",1.64528217986909,"C"
7,9,"starvation",1.93717704404245,"B"
7,10,"control",9.36976407322892,"B"
7,10,"control",8.96251328875285,"B"
7,10,"control",8.26236215961969,"B"
7,10,"control",8.12207456337095,"A"
7,10,"control",9.59327458881174,"B"
7,10,"control",8.54602260938372,"B"
7,10,"control",9.27605617149939,"B"
7,10,"control",9.39145522942502,"B"
7,10,"control",8.82716134465533,"A"
7,10,"control",8.69529367661162,"B"
7,10,"half",6.44890266662813,"A"
7,10,"half",7.48959447037378,"B"
7,10,"half",7.23842870050682,"B"
7,10,"half",7.26869822463314,"C"
7,10,"half",6.99188786026557,"C"
7,10,"half",6.20837349112514,"C"
7,10,"half",6.56600191445423,"B"
7,10,"half",6.35915743351002,"A"
7,10,"half",6.67829267241826,"A"
7,10,"half",7.12952691029145,"A"
7,10,"starvation",0.650826561162672,"B"
7,10,"starvation",1.07762226136326,"C"
7,10,"starvation",0.763594377463022,"B"
7,10,"starvation",1.10693090005145,"B"
7,10,"starvation",0.660928407498716,"C"
7,10,"starvation",0.47393833139068,"C"
7,10,"starvation",0.606998522581248,"A"
7,10,"starvation",0.854487450550469,"C"
7,10,"starvation",0.770198686874993,"B"
7,10,"starvation",1.60788695584887,"C"
8,0,"control",9.92995288776571,"A"
8,0,"control",10.1827034878442,"C"
8,0,"control",10.6312046286861,"B"
8,0,"control",9.60697561649682,"B"
8,0,"control",9.50393779316466,"A"
8,0,"control",10.3804261266006,"A"
8,0,"control",10.1308823293176,"C"
8,0,"control",10.761428766053,"C"
8,0,"control",10.3540833300311,"C"
8,0,"control",10.3825281405481,"C"
8,0,"half",9.79074664724275,"A"
8,0,"half",9.74017091761357,"C"
8,0,"half",9.57769228685835,"A"
8,0,"half",10.401967199832,"B"
8,0,"half",10.6544300855128,"B"
8,0,"half",9.69225234990462,"C"
8,0,"half",9.66563076800227,"A"
8,0,"half",9.62249964860472,"A"
8,0,"half",10.8414319241035,"C"
8,0,"half",10.135455538216,"A"
8,0,"starvation",9.50336658686242,"A"
8,0,"starvation",11.0568771693258,"B"
8,0,"starvation",9.6144489571162,"C"
8,0,"starvation",10.4623452824549,"B"
8,0,"starvation",9.63879332426569,"A"
8,0,"starvation",10.0307353337817,"C"
8,0,"starvation",10.3467007240459,"B"
8,0,"starvation",9.64166592362711,"A"
8,0,"starvation",9.5207141967383,"A"
8,0,"starvation",9.64256513828168,"C"
8,1,"control",10.0475555841002,"C"
8,1,"control",9.80987844628294,"A"
8,1,"control",11.1707661575348,"B"
8,1,"control",11.1163725507276,"C"
8,1,"control",10.2350590467346,"B"
8,1,"control",10.0991389517983,"A"
8,1,"control",10.2697821088222,"C"
8,1,"control",9.93811756386037,"C"
8,1,"control",10.7946135246546,"C"
8,1,"control",9.80380312179845,"A"
8,1,"half",9.50208940532609,"C"
8,1,"half",10.2501552375433,"C"
8,1,"half",9.63962929903418,"A"
8,1,"half",9.91599122692697,"C"
8,1,"half",9.38059598745233,"C"
8,1,"half",9.44920733102837,"A"
8,1,"half",9.67492869859433,"A"
8,1,"half",9.304547215555,"A"
8,1,"half",9.97769515319187,"C"
8,1,"half",9.38784417521681,"B"
8,1,"starvation",8.30437356118091,"A"
8,1,"starvation",8.69027682780344,"C"
8,1,"starvation",9.17130727092502,"B"
8,1,"starvation",8.99031640251259,"B"
8,1,"starvation",9.7400244583995,"B"
8,1,"starvation",9.93565032676178,"A"
8,1,"starvation",9.35242469885774,"A"
8,1,"starvation",9.65205653903932,"B"
8,1,"starvation",10.2045067029099,"B"
8,1,"starvation",9.32193220976091,"A"
8,2,"control",10.8026799686336,"B"
8,2,"control",10.1791526191441,"A"
8,2,"control",10.5786829844536,"B"
8,2,"control",10.3819378675978,"C"
8,2,"control",10.9601145391707,"B"
8,2,"control",9.63132347666783,"A"
8,2,"control",10.810216632556,"C"
8,2,"control",9.75595912545457,"B"
8,2,"control",10.9666851622667,"B"
8,2,"control",10.9024993319335,"C"
8,2,"half",10.9130182484445,"A"
8,2,"half",9.48450689579607,"A"
8,2,"half",10.0671917473233,"B"
8,2,"half",10.9330500113044,"B"
8,2,"half",9.78590501293864,"A"
8,2,"half",10.3778808118171,"C"
8,2,"half",9.75032558087674,"A"
8,2,"half",10.1008241934004,"C"
8,2,"half",9.64633965857978,"B"
8,2,"half",9.53664927052178,"C"
8,2,"starvation",8.07190762674954,"C"
8,2,"starvation",7.79458885923742,"C"
8,2,"starvation",8.13962617581248,"A"
8,2,"starvation",8.37954509992334,"A"
8,2,"starvation",8.46465699020921,"B"
8,2,"starvation",8.86616657330049,"B"
8,2,"starvation",8.50398668153522,"A"
8,2,"starvation",8.46979318785525,"C"
8,2,"starvation",8.37635713871919,"C"
8,2,"starvation",7.9549670401581,"A"
8,3,"control",10.638189250507,"C"
8,3,"control",9.50245325695508,"A"
8,3,"control",10.1018562938898,"B"
8,3,"control",10.280541681064,"A"
8,3,"control",10.5445328382339,"B"
8,3,"control",10.2721534396066,"A"
8,3,"control",10.4942548271414,"C"
8,3,"control",10.2088353329981,"C"
8,3,"control",9.86772927215631,"C"
8,3,"control",11.0330366132569,"C"
8,3,"half",8.27063639121839,"A"
8,3,"half",9.13813430906266,"C"
8,3,"half",9.63321395356809,"B"
8,3,"half",9.44358825941671,"C"
8,3,"half",8.83047589228059,"C"
8,3,"half",8.92378872505475,"C"
8,3,"half",10.1217422619624,"B"
8,3,"half",9.31102171014161,"C"
8,3,"half",10.0136996509795,"B"
8,3,"half",8.11054118914315,"A"
8,3,"starvation",8.13235882160258,"C"
8,3,"starvation",7.30358753856184,"A"
8,3,"starvation",7.18341226590469,"C"
8,3,"starvation",7.60438997747032,"C"
8,3,"starvation",8.25852875715116,"B"
8,3,"starvation",7.82348729013952,"A"
8,3,"starvation",8.31474380880556,"B"
8,3,"starvation",7.66458253254506,"B"
8,3,"starvation",7.46820249526688,"A"
8,3,"starvation",8.84847870350459,"B"
8,4,"control",8.87975744175342,"B"
8,4,"control",9.51563576914468,"B"
8,4,"control",9.42671229598404,"C"
8,4,"control",9.60692718378095,"C"
8,4,"control",10.001926833814,"B"
8,4,"control",10.0516912880696,"B"
8,4,"control",8.57319649427715,"A"
8,4,"control",10.2137002104285,"C"
8,4,"control",10.5400058354957,"C"
8,4,"control",9.65341742153761,"A"
8,4,"half",8.84508835989176,"A"
8,4,"half",9.4760295054949,"B"
8,4,"half",9.23631367537417,"C"
8,4,"half",8.51074257099107,"C"
8,4,"half",8.69811387627648,"C"
8,4,"half",8.5865232867479,"A"
8,4,"half",8.15989864394763,"A"
8,4,"half",8.64217827153756,"B"
8,4,"half",8.78968648578468,"B"
8,4,"half",9.01551859300201,"B"
8,4,"starvation",6.77289476402137,"C"
8,4,"starvation",6.74578331019332,"A"
8,4,"starvation",6.88110254512641,"A"
8,4,"starvation",5.84003973190334,"A"
8,4,"starvation",6.41522473593433,"C"
8,4,"starvation",6.52067644362135,"C"
8,4,"starvation",5.5941925397382,"A"
8,4,"starvation",6.74314611969478,"C"
8,4,"starvation",7.38552386884933,"B"
8,4,"starvation",6.70954217456483,"B"
8,5,"control",10.054151387331,"C"
8,5,"control",9.82345662423448,"A"
8,5,"control",9.35527808095704,"B"
8,5,"control",9.44911459824073,"C"
8,5,"control",10.2262879291276,"C"
8,5,"control",10.2979322681133,"C"
8,5,"control",9.70349164904575,"C"
8,5,"control",10.2054752179085,"B"
8,5,"control",10.3282530141619,"C"
8,5,"control",9.38241175679328,"A"
8,5,"half",9.11911749112644,"B"
8,5,"half",8.6841168038668,"A"
8,5,"half",9.39446963484854,"C"
8,5,"half",8.980822913335,"C"
8,5,"half",9.16351238325088,"C"
8,5,"half",8.85040779931617,"C"
8,5,"half",8.5124204528888,"A"
8,5,"half",9.03672336688083,"C"
8,5,"half",8.39929587213926,"B"
8,5,"half",9.98397526672802,"B"
8,5,"starvation",6.43727203686509,"A"
8,5,"starvation",6.43918055941747,"C"
8,5,"starvation",6.89090104811367,"B"
8,5,"starvation",6.95805623784842,"B"
8,5,"starvation",6.13291482036421,"A"
8,5,"starvation",6.61043349356065,"C"
8,5,"starvation",6.42221527700162,"B"
8,5,"starvation",6.581033513569,"A"
8,5,"starvation",7.13062276241277,"B"
8,5,"starvation",6.09213637684472,"A"
8,6,"control",10.0560494891019,"B"
8,6,"control",8.77971044982424,"B"
8,6,"control",9.60153495373966,"B"
8,6,"control",9.91713008297902,"B"
8,6,"control",9.162917465657,"A"
8,6,"control",9.49825976893472,"B"
8,6,"control",9.19468980732781,"B"
8,6,"control",9.55237486008004,"C"
8,6,"control",10.1071949789759,"B"
8,6,"control",9.10569447504687,"C"
8,6,"half",8.62351203167288,"A"
8,6,"half",8.94599466954952,"C"
8,6,"half",8.78174675952624,"C"
8,6,"half",9.59969253485638,"B"
8,6,"half",8.98665454754866,"B"
8,6,"half",9.068226273371,"A"
8,6,"half",9.27506080636603,"B"
8,6,"half",8.90312973497868,"C"
8,6,"half",9.06896696731477,"C"
8,6,"half",8.39160180653632,"A"
8,6,"starvation",5.18518663796773,"A"
8,6,"starvation",5.72863340096571,"A"
8,6,"starvation",5.23077904916721,"A"
8,6,"starvation",5.22526810985397,"A"
8,6,"starvation",6.10028430102093,"B"
8,6,"starvation",5.69624193430332,"C"
8,6,"starvation",6.34620551678439,"B"
8,6,"starvation",6.31673924268424,"B"
8,6,"starvation",5.91922294801245,"C"
8,6,"starvation",5.65898843280098,"B"
8,7,"control",9.79061876919947,"A"
8,7,"control",10.6349348119344,"B"
8,7,"control",10.2717791273636,"C"
8,7,"control",9.52304289559348,"B"
8,7,"control",9.16384015556393,"A"
8,7,"control",10.9576243977294,"A"
8,7,"control",9.94697784230581,"B"
8,7,"control",10.0250726148814,"C"
8,7,"control",9.72577238298537,"C"
8,7,"control",10.4013143315373,"B"
8,7,"half",8.38944814202593,"A"
8,7,"half",9.547687530185,"C"
8,7,"half",8.9182131992883,"A"
8,7,"half",8.92178667291191,"A"
8,7,"half",8.43727062323167,"A"
8,7,"half",9.03998241036533,"C"
8,7,"half",8.81708808785221,"C"
8,7,"half",8.92859119692601,"C"
8,7,"half",8.68986495686602,"B"
8,7,"half",9.54142553244434,"C"
8,7,"starvation",4.68888729948008,"B"
8,7,"starvation",4.50755144696842,"B"
8,7,"starvation",5.07850147997773,"B"
8,7,"starvation",4.18032766957381,"B"
8,7,"starvation",4.68306437387282,"C"
8,7,"starvation",4.58250371177922,"B"
8,7,"starvation",3.90463287988169,"C"
8,7,"starvation",3.9868264306506,"A"
8,7,"starvation",3.37119713733418,"A"
8,7,"starvation",4.89470265406409,"C"
8,8,"control",11.0108244977903,"B"
8,8,"control",11.2044216494812,"C"
8,8,"control",10.7360182428307,"C"
8,8,"control",11.2405320054133,"C"
8,8,"control",12.0449093555871,"B"
8,8,"control",10.9920822433639,"C"
8,8,"control",10.5591353441963,"A"
8,8,"control",10.486443554855,"A"
8,8,"control",10.6731781642533,"B"
8,8,"control",11.3959801265478,"B"
8,8,"half",8.60009201152572,"B"
8,8,"half",8.40453499297213,"A"
8,8,"half",7.52265206404811,"A"
8,8,"half",7.87373555374363,"B"
8,8,"half",8.75335472321593,"B"
8,8,"half",8.17880923799091,"B"
8,8,"half",8.06969785546021,"B"
8,8,"half",8.3799417386685,"B"
8,8,"half",7.74862539283276,"C"
8,8,"half",7.1403617776602,"A"
8,8,"starvation",3.89518271493706,"A"
8,8,"starvation",4.32997541087039,"B"
8,8,"starvation",4.46252374882316,"A"
8,8,"starvation",4.49467840691882,"A"
8,8,"starvation",4.51713818409645,"B"
8,8,"starvation",3.72757534600738,"C"
8,8,"starvation",3.95029433979051,"A"
8,8,"starvation",4.61149069283648,"A"
8,8,"starvation",3.97891151485974,"A"
8,8,"starvation",4.12346124887061,"A"
8,9,"control",12.3618551331487,"C"
8,9,"control",11.4483383234481,"A"
8,9,"control",11.6551280332046,"B"
8,9,"control",11.3028994634365,"A"
8,9,"control",11.5133429919208,"B"
8,9,"control",11.2852475210073,"B"
8,9,"control",11.4286419199218,"A"
8,9,"control",11.5714343618272,"C"
8,9,"control",12.1041334481143,"B"
8,9,"control",12.2688131633774,"B"
8,9,"half",7.11814023625829,"C"
8,9,"half",7.94113153158785,"B"
8,9,"half",7.62856207957858,"A"
8,9,"half",7.91697835083583,"C"
8,9,"half",8.53111797102479,"B"
8,9,"half",7.46542481353057,"C"
8,9,"half",8.24200363157742,"C"
8,9,"half",7.9635829924402,"C"
8,9,"half",8.47673488234873,"B"
8,9,"half",8.19789360906337,"A"
8,9,"starvation",4.54897883188752,"C"
8,9,"starvation",4.75815085720195,"A"
8,9,"starvation",3.93856171723019,"B"
8,9,"starvation",4.25300854778092,"A"
8,9,"starvation",4.25363926452368,"B"
8,9,"starvation",3.90855810133643,"A"
8,9,"starvation",3.95790357033451,"A"
8,9,"starvation",4.11577899080333,"B"
8,9,"starvation",4.81096279724962,"B"
8,9,"starvation",4.17424358050568,"A"
8,10,"control",9.04841848122847,"C"
8,10,"control",9.2839934720505,"B"
8,10,"control",9.31913279154071,"B"
8,10,"control",8.55906688799482,"C"
8,10,"control",8.80345372838859,"A"
8,10,"control",8.81327203174,"A"
8,10,"control",8.82388310802619,"A"
8,10,"control",8.73712576270261,"C"
8,10,"control",8.34089022396408,"A"
8,10,"control",9.40480627985808,"B"
8,10,"half",8.33581238965249,"B"
8,10,"half",7.74871504598179,"A"
8,10,"half",8.53685894965583,"A"
8,10,"half",8.18172576515418,"C"
8,10,"half",8.21887225002073,"C"
8,10,"half",9.3231700500415,"B"
8,10,"half",8.78792648245262,"B"
8,10,"half",7.73308196282907,"A"
8,10,"half",8.07121887673339,"B"
8,10,"half",8.77548295247993,"B"
8,10,"starvation",3.3890379674342,"C"
8,10,"starvation",3.16957594022604,"C"
8,10,"starvation",3.26406979331106,"C"
8,10,"starvation",3.1373296609287,"C"
8,10,"starvation",3.56961615389136,"C"
8,10,"starvation",3.12544278252345,"C"
8,10,"starvation",2.22795864381886,"C"
8,10,"starvation",2.94661868467083,"C"
8,10,"starvation",3.73593795066056,"C"
8,10,"starvation",2.98446674808548,"A"
9,0,"control",9.29700428770734,"B"
9,0,"control",9.45840841338777,"A"
9,0,"control",9.07966797795306,"A"
9,0,"control",10.0367652976843,"C"
9,0,"control",10.5883345747035,"B"
9,0,"control",9.61892522178969,"A"
9,0,"control",8.66680429420475,"B"
9,0,"control",9.91765087815345,"A"
9,0,"control",9.99491820671631,"B"
9,0,"control",9.1429825135617,"C"
9,0,"half",9.10495896338704,"A"
9,0,"half",10.1628894885417,"B"
9,0,"half",9.52802856454903,"A"
9,0,"half",10.4787898338722,"A"
9,0,"half",10.184752007264,"A"
9,0,"half",9.79163659711772,"B"
9,0,"half",9.85792384304851,"A"
9,0,"half",9.96340684507908,"A"
9,0,"half",9.76938777883985,"A"
9,0,"half",9.48123341405308,"C"
9,0,"starvation",9.79396827698379,"B"
9,0,"starvation",10.0276575588634,"C"
9,0,"starvation",9.795982688428,"A"
9,0,"starvation",9.9529328486409,"A"
9,0,"starvation",9.63900545024464,"B"
9,0,"starvation",9.74607593397134,"A"
9,0,"starvation",9.81275862640372,"C"
9,0,"starvation",9.53575111041802,"B"
9,0,"starvation",9.58477815983496,"B"
9,0,"starvation",9.85022606626935,"A"
9,1,"control",10.2595631575518,"B"
9,1,"control",10.0535561354376,"A"
9,1,"control",10.4456326395844,"C"
9,1,"control",9.82950732170282,"B"
9,1,"control",10.4261061762746,"A"
9,1,"control",9.28742941269693,"A"
9,1,"control",8.86420929061274,"B"
9,1,"control",9.14166327338136,"C"
9,1,"control",9.22934603201964,"A"
9,1,"control",8.79986667994899,"C"
9,1,"half",8.81442771967219,"C"
9,1,"half",9.02627982393414,"C"
9,1,"half",9.04918464315568,"C"
9,1,"half",9.34701789583838,"B"
9,1,"half",9.98271465094956,"C"
9,1,"half",9.07017061344752,"B"
9,1,"half",9.3450778853563,"B"
9,1,"half",8.99651812335209,"A"
9,1,"half",9.23416150563228,"C"
9,1,"half",9.39836803214643,"B"
9,1,"starvation",9.31040314708515,"C"
9,1,"starvation",8.59604957612808,"C"
9,1,"starvation",8.75046284167001,"C"
9,1,"starvation",9.53558097369062,"C"
9,1,"starvation",8.16421110571807,"C"
9,1,"starvation",9.42593552448343,"B"
9,1,"starvation",8.54180879413429,"A"
9,1,"starvation",9.01487116124439,"B"
9,1,"starvation",8.57358537957145,"C"
9,1,"starvation",9.88565015090886,"C"
9,2,"control",9.18694133376161,"A"
9,2,"control",9.3272176551819,"A"
9,2,"control",9.79370842014368,"C"
9,2,"control",10.4185575000401,"A"
9,2,"control",9.51325341627735,"C"
9,2,"control",9.83057188672752,"A"
9,2,"control",10.0124957090846,"A"
9,2,"control",9.20507686885274,"A"
9,2,"control",10.088261699445,"B"
9,2,"control",9.61373366359746,"A"
9,2,"half",9.09150427382392,"B"
9,2,"half",8.96437680554186,"B"
9,2,"half",8.9562560527252,"A"
9,2,"half",9.3180546756336,"B"
9,2,"half",9.48752103712942,"C"
9,2,"half",8.96748335235931,"C"
9,2,"half",9.02116100882992,"A"
9,2,"half",8.57554987657322,"A"
9,2,"half",8.75779589022526,"B"
9,2,"half",8.62629078624997,"A"
9,2,"starvation",7.92705201830325,"B"
9,2,"starvation",7.88323794816825,"C"
9,2,"starvation",7.85588634660114,"C"
9,2,"starvation",6.74350852287719,"C"
9,2,"starvation",8.26786952829885,"C"
9,2,"starvation",7.38988164845453,"A"
9,2,"starvation",7.75611775377063,"B"
9,2,"starvation",7.97101350767231,"A"
9,2,"starvation",8.0070295304683,"B"
9,2,"starvation",7.47824672361739,"C"
9,3,"control",11.1553441605766,"B"
9,3,"control",9.81240015256171,"A"
9,3,"control",9.9919031583036,"C"
9,3,"control",10.0463608515637,"A"
9,3,"control",9.51582333411292,"B"
9,3,"control",10.698296722254,"C"
9,3,"control",10.2672956969139,"C"
9,3,"control",10.3248447430053,"B"
9,3,"control",9.25893456054393,"A"
9,3,"control",9.78763019743758,"C"
9,3,"half",8.73881569350512,"B"
9,3,"half",9.20946623130592,"B"
9,3,"half",8.30754245304698,"B"
9,3,"half",8.85956138837754,"B"
9,3,"half",9.44303153823683,"C"
9,3,"half",8.79849215786529,"B"
9,3,"half",8.92631856413552,"C"
9,3,"half",9.32872463743315,"B"
9,3,"half",8.53933558860184,"B"
9,3,"half",8.73853944948972,"B"
9,3,"starvation",7.45751401262039,"B"
9,3,"starvation",7.5755535740008,"C"
9,3,"starvation",6.44405603065006,"B"
9,3,"starvation",7.62453435228764,"B"
9,3,"starvation",7.6318422404224,"B"
9,3,"starvation",7.16269114454103,"A"
9,3,"starvation",6.72099210486519,"A"
9,3,"starvation",6.8781489305733,"A"
9,3,"starvation",7.32648262888559,"C"
9,3,"starvation",7.58393961659665,"B"
9,4,"control",9.66883365435911,"C"
9,4,"control",9.51729373254983,"C"
9,4,"control",9.28503203359223,"A"
9,4,"control",8.31741212736335,"B"
9,4,"control",10.2077189639936,"C"
9,4,"control",9.21757573017724,"C"
9,4,"control",8.07983630483137,"A"
9,4,"control",8.69123967943461,"B"
9,4,"control",10.4134036848027,"C"
9,4,"control",9.68539888001326,"B"
9,4,"half",8.6201828010657,"A"
9,4,"half",8.83740284768631,"B"
9,4,"half",8.05184474360232,"A"
9,4,"half",8.96077759926045,"B"
9,4,"half",8.42095116427229,"A"
9,4,"half",8.44580563147452,"A"
9,4,"half",8.55183760166674,"A"
9,4,"half",8.81188392049589,"C"
9,4,"half",8.56736230063879,"B"
9,4,"half",9.03204762830418,"B"
9,4,"starvation",5.90517837436053,"B"
9,4,"starvation",6.1236767766529,"C"
9,4,"starvation",6.17222298544394,"C"
9,4,"starvation",6.09974774668783,"C"
9,4,"starvation",5.77995733078475,"A"
9,4,"starvation",5.73444262573937,"A"
9,4,"starvation",5.95170172303773,"A"
9,4,"starvation",6.66765155048185,"A"
9,4,"starvation",6.44326180180021,"B"
9,4,"starvation",6.27705309449919,"C"
9,5,"control",10.3491830778042,"C"
9,5,"control",10.2777132047354,"B"
9,5,"control",10.5254810283552,"B"
9,5,"control",10.2071491904762,"C"
9,5,"control",10.1154003509503,"C"
9,5,"control",10.1008747650593,"A"
9,5,"control",10.4945858362771,"C"
9,5,"control",9.9638369374309,"A"
9,5,"control",10.0156452759884,"C"
9,5,"control",9.58658555665428,"C"
9,5,"half",8.18024614742923,"A"
9,5,"half",8.64052562796795,"B"
9,5,"half",9.02770675836812,"C"
9,5,"half",9.45535989492072,"B"
9,5,"half",8.16543161581284,"C"
9,5,"half",8.55442411411512,"B"
9,5,"half",8.13049477327186,"A"
9,5,"half",7.8751708559631,"A"
9,5,"half",9.24566282257281,"B"
9,5,"half",8.15347666739541,"C"
9,5,"starvation",6.01836176629977,"C"
9,5,"starvation",6.06184024051508,"B"
9,5,"starvation",4.78875176000058,"B"
9,5,"starvation",5.33778756923433,"C"
9,5,"starvation",5.94179533249052,"A"
9,5,"starvation",6.23612357475408,"B"
9,5,"starvation",6.62671940895209,"B"
9,5,"starvation",5.70745802082748,"C"
9,5,"starvation",6.23987296933471,"B"
9,5,"starvation",5.58148634739191,"A"
9,6,"control",10.1676542829543,"B"
9,6,"control",10.1864310819323,"C"
9,6,"control",10.8996356910926,"C"
9,6,"control",9.8836986931644,"C"
9,6,"control",10.5764981811805,"A"
9,6,"control",10.5185526762766,"A"
9,6,"control",10.6134642606398,"B"
9,6,"control",11.1299163425929,"C"
9,6,"control",10.6137451106434,"B"
9,6,"control",10.6223486233576,"B"
9,6,"half",7.62524468380201,"B"
9,6,"half",7.22846282853072,"A"
9,6,"half",7.26790477693871,"B"
9,6,"half",7.47847426420843,"B"
9,6,"half",6.76517378386046,"C"
9,6,"half",7.17850954666827,"A"
9,6,"half",7.04638825836905,"A"
9,6,"half",7.19502751691987,"C"
9,6,"half",6.94139424497153,"B"
9,6,"half",7.2330751155519,"B"
9,6,"starvation",3.70868584785498,"A"
9,6,"starvation",4.09040454622733,"C"
9,6,"starvation",4.23272645922027,"B"
9,6,"starvation",4.26454842240856,"B"
9,6,"starvation",4.65408542537939,"C"
9,6,"starvation",5.06123449271803,"C"
9,6,"starvation",3.91450178958731,"C"
9,6,"starvation",4.83290036073196,"C"
9,6,"starvation",4.80345602409394,"B"
9,6,"starvation",4.06200635395584,"A"
9,7,"control",7.6513537596144,"C"
9,7,"control",8.93562690332898,"B"
9,7,"control",8.11563805759853,"B"
9,7,"control",8.01156480335188,"A"
9,7,"control",7.99261575012057,"A"
9,7,"control",8.11357989349533,"C"
9,7,"control",8.06448125596233,"A"
9,7,"control",8.60916491768762,"A"
9,7,"control",8.12263717596426,"A"
9,7,"control",8.03236559966841,"C"
9,7,"half",8.30853612642706,"A"
9,7,"half",8.57137223930964,"A"
9,7,"half",7.6758649613128,"C"
9,7,"half",8.29083621527707,"C"
9,7,"half",7.89168316088559,"C"
9,7,"half",7.28345657166645,"A"
9,7,"half",7.94921497159328,"B"
9,7,"half",8.02231851029186,"B"
9,7,"half",8.37297581831183,"A"
9,7,"half",8.56830359220544,"B"
9,7,"starvation",4.82996916271229,"C"
9,7,"starvation",4.20474790206926,"C"
9,7,"starvation",4.82391835078684,"B"
9,7,"starvation",4.12282460391669,"A"
9,7,"starvation",4.54878531813189,"B"
9,7,"starvation",5.08511983502716,"C"
9,7,"starvation",4.56508174894723,"B"
9,7,"starvation",4.63905917302898,"B"
9,7,"starvation",4.72118570640855,"B"
9,7,"starvation",4.37650030639617,"A"
9,8,"control",9.67859199643805,"C"
9,8,"control",9.52236712066154,"C"
9,8,"control",9.81106753820583,"A"
9,8,"control",9.61672135593386,"A"
9,8,"control",9.42313928241051,"A"
9,8,"control",10.4718546153551,"B"
9,8,"control",10.1510095310535,"B"
9,8,"control",8.98320133791787,"C"
9,8,"control",9.36493408221082,"C"
9,8,"control",8.47337795887882,"C"
9,8,"half",7.88543732548298,"A"
9,8,"half",8.46677007749627,"C"
9,8,"half",8.33472356289671,"A"
9,8,"half",7.58600466696456,"B"
9,8,"half",8.28218647830446,"B"
9,8,"half",8.0625192413721,"B"
9,8,"half",7.58442049627421,"A"
9,8,"half",7.47053795474941,"A"
9,8,"half",8.25627602529688,"C"
9,8,"half",8.14219390496503,"B"
9,8,"starvation",2.0783358359111,"A"
9,8,"starvation",1.93008233053923,"A"
9,8,"starvation",3.28255943732115,"B"
9,8,"starvation",2.13712104775247,"B"
9,8,"starvation",1.71192907570903,"B"
9,8,"starvation",2.15302820540052,"A"
9,8,"starvation",2.05963592702345,"B"
9,8,"starvation",2.15896955493645,"C"
9,8,"starvation",2.24383372390078,"A"
9,8,"starvation",1.68676239937949,"C"
9,9,"control",10.9458166752566,"B"
9,9,"control",9.85637688437917,"A"
9,9,"control",10.3744811499954,"C"
9,9,"control",10.1424516318731,"B"
9,9,"control",11.5805883477295,"C"
9,9,"control",10.834569165031,"C"
9,9,"control",10.6958243278921,"B"
9,9,"control",10.9545429625859,"C"
9,9,"control",9.75449297560274,"A"
9,9,"control",10.7803951383097,"C"
9,9,"half",7.57144081781644,"B"
9,9,"half",7.97745746523596,"C"
9,9,"half",7.80279992672672,"B"
9,9,"half",8.09647328202592,"A"
9,9,"half",7.12208599327923,"C"
9,9,"half",7.95275138613331,"C"
9,9,"half",8.10078409837622,"C"
9,9,"half",7.56849867488682,"B"
9,9,"half",7.025064741203,"A"
9,9,"half",8.22778839825444,"B"
9,9,"starvation",2.68483994238466,"A"
9,9,"starvation",3.18638752857524,"B"
9,9,"starvation",2.55635211762548,"B"
9,9,"starvation",2.81777949934108,"A"
9,9,"starvation",2.06082349724364,"C"
9,9,"starvation",3.05177204081131,"B"
9,9,"starvation",2.85932643964545,"A"
9,9,"starvation",3.22252151672476,"B"
9,9,"starvation",1.85791071308631,"A"
9,9,"starvation",2.85196782134312,"A"
9,10,"control",8.90977682366561,"C"
9,10,"control",8.28331058831663,"C"
9,10,"control",8.48416845823796,"C"
9,10,"control",8.81303898023736,"B"
9,10,"control",8.66683031244919,"C"
9,10,"control",8.2682283685292,"B"
9,10,"control",8.94796192481671,"C"
9,10,"control",9.71465290889918,"C"
9,10,"control",8.64331546356186,"A"
9,10,"control",8.65305859250025,"A"
9,10,"half",7.19322654181175,"C"
9,10,"half",6.71429484369424,"B"
9,10,"half",7.16095763012609,"A"
9,10,"half",6.33929025292907,"A"
9,10,"half",6.00484463986495,"B"
9,10,"half",6.72164024681971,"B"
9,10,"half",6.46181423256392,"A"
9,10,"half",6.79341282582058,"B"
9,10,"half",5.87809924348292,"C"
9,10,"half",7.04024820794348,"C"
9,10,"starvation",1.95675720858471,"A"
9,10,"starvation",1.95000349219918,"B"
9,10,"starvation",2.18305563397308,"C"
9,10,"starvation",2.16288967698431,"C"
9,10,"starvation",1.0184486097189,"A"
9,10,"starvation",1.51894014770809,"A"
9,10,"starvation",2.23276009822093,"A"
9,10,"starvation",2.22808538361455,"C"
9,10,"starvation",1.47117733956851,"A"
9,10,"starvation",2.62494534519895,"A"
10,0,"control",10.0681989058303,"B"
10,0,"control",10.6965328707341,"C"
10,0,"control",10.8457721826295,"C"
10,0,"control",10.4554389683332,"A"
10,0,"control",10.217694418873,"A"
10,0,"control",10.9950226721773,"C"
10,0,"control",10.0784185389537,"A"
10,0,"control",9.81684346169803,"A"
10,0,"control",10.8085097471538,"B"
10,0,"control",9.72764312355002,"A"
10,0,"half",9.93825297249025,"C"
10,0,"half",10.0440918082679,"A"
10,0,"half",10.1552590892589,"C"
10,0,"half",10.6604341018421,"A"
10,0,"half",10.3618189810713,"C"
10,0,"half",10.0299373810313,"A"
10,0,"half",10.0372698065834,"A"
10,0,"half",10.2792871961013,"C"
10,0,"half",10.3148613521953,"B"
10,0,"half",10.039080764082,"A"
10,0,"starvation",10.3769818851678,"B"
10,0,"starvation",10.5610579181593,"A"
10,0,"starvation",10.1853506831185,"B"
10,0,"starvation",10.3494832664817,"A"
10,0,"starvation",10.1873691476461,"B"
10,0,"starvation",10.7215773754213,"B"
10,0,"starvation",10.7065537252617,"C"
10,0,"starvation",10.8568778081432,"A"
10,0,"starvation",10.9554161754038,"A"
10,0,"starvation",11.2300392778422,"B"
10,1,"control",11.2623685990173,"B"
10,1,"control",10.4558840459163,"C"
10,1,"control",10.0201430123254,"B"
10,1,"control",10.8654873282634,"A"
10,1,"control",10.4657997710966,"A"
10,1,"control",9.75647513820182,"C"
10,1,"control",10.4112254558834,"A"
10,1,"control",11.0565647860316,"B"
10,1,"control",10.1377529335273,"A"
10,1,"control",10.6315694246689,"C"
10,1,"half",9.27567883247407,"A"
10,1,"half",9.87199987141053,"A"
10,1,"half",9.72745707071206,"A"
10,1,"half",9.77998018412053,"C"
10,1,"half",10.1446871377662,"B"
10,1,"half",9.74653200030551,"C"
10,1,"half",10.101989774861,"C"
10,1,"half",10.4547256067859,"A"
10,1,"half",11.1994791634539,"B"
10,1,"half",9.9894444347174,"C"
10,1,"starvation",8.78639788301529,"A"
10,1,"starvation",9.41731667343793,"A"
10,1,"starvation",9.26338316315312,"B"
10,1,"starvation",9.69062143246489,"B"
10,1,"starvation",8.89210334145663,"A"
10,1,"starvation",9.94286122599932,"B"
10,1,"starvation",9.74815513181958,"C"
10,1,"starvation",8.8855082858786,"A"
10,1,"starvation",9.9223160033781,"A"
10,1,"starvation",9.64141282167806,"B"
10,2,"control",10.2061965540521,"A"
10,2,"control",9.88454698746887,"B"
10,2,"control",10.2430648254705,"B"
10,2,"control",10.0127399465671,"B"
10,2,"control",10.6065020715402,"A"
10,2,"control",10.5543591551487,"A"
10,2,"control",9.99907248211715,"C"
10,2,"control",9.80074898563452,"A"
10,2,"control",10.49539870913,"B"
10,2,"control",10.1911889077449,"B"
10,2,"half",9.90512280972331,"C"
10,2,"half",9.59013608654418,"C"
10,2,"half",9.92554636725641,"C"
10,2,"half",9.26786463140069,"C"
10,2,"half",10.6035853430666,"C"
10,2,"half",9.96812728955171,"C"
10,2,"half",9.60093941523021,"A"
10,2,"half",10.642827353082,"C"
10,2,"half",9.55690221765032,"C"
10,2,"half",9.98147237083189,"A"
10,2,"starvation",9.26358700694927,"A"
10,2,"starvation",8.93386178756589,"B"
10,2,"starvation",8.96377072365603,"B"
10,2,"starvation",9.59700177268313,"B"
10,2,"starvation",9.16168032920227,"B"
10,2,"starvation",9.17504415046205,"B"
10,2,"starvation",9.15302549692509,"C"
10,2,"starvation",8.91789566114162,"C"
10,2,"starvation",9.08282775701286,"A"
10,2,"starvation",8.98913514988951,"B"
10,3,"control",10.9719833259237,"A"
10,3,"control",10.1433463625311,"A"
10,3,"control",9.49332764896895,"A"
10,3,"control",9.97632682894524,"B"
10,3,"control",9.21929471412751,"C"
10,3,"control",10.0389303991996,"B"
10,3,"control",9.90975784054392,"B"
10,3,"control",10.0669024371324,"C"
10,3,"control",10.327336906653,"A"
10,3,"control",9.80386004422417,"C"
10,3,"half",9.77557841465679,"C"
10,3,"half",9.93158970545833,"A"
10,3,"half",9.53913111612374,"C"
10,3,"half",10.457937884465,"B"
10,3,"half",9.44359663826697,"B"
10,3,"half",10.348002059458,"C"
10,3,"half",9.87074545493793,"A"
10,3,"half",9.65756935462862,"B"
10,3,"half",9.89599355378001,"B"
10,3,"half",9.51479510677725,"C"
10,3,"starvation",7.52029293067871,"A"
10,3,"starvation",8.05510146259499,"C"
10,3,"starvation",8.07897695330904,"C"
10,3,"starvation",7.82068472152466,"A"
10,3,"starvation",8.53285688558671,"B"
10,3,"starvation",8.65275469681461,"C"
10,3,"starvation",7.75379672808779,"C"
10,3,"starvation",7.77054429188947,"B"
10,3,"starvation",7.82900156880562,"C"
10,3,"starvation",7.99040592379538,"A"
10,4,"control",10.397388062427,"C"
10,4,"control",10.7336252609694,"B"
10,4,"control",9.82443404345483,"A"
10,4,"control",9.81425133372823,"B"
10,4,"control",10.4280337938522,"B"
10,4,"control",10.6090787221939,"B"
10,4,"control",11.5688803118882,"B"
10,4,"control",10.40044954647,"B"
10,4,"control",10.1554295379324,"B"
10,4,"control",10.5634388179742,"A"
10,4,"half",9.54151166412962,"C"
10,4,"half",9.51662863689744,"A"
10,4,"half",10.0207685361828,"A"
10,4,"half",9.41668197200631,"A"
10,4,"half",9.52941823893019,"B"
10,4,"half",10.0940243093539,"B"
10,4,"half",10.214879539684,"C"
10,4,"half",10.1801156500779,"B"
10,4,"half",9.80401275896922,"A"
10,4,"half",9.85175819734571,"B"
10,4,"starvation",6.95954587755855,"C"
10,4,"starvation",7.63629619891557,"C"
10,4,"starvation",6.3592946817842,"A"
10,4,"starvation",6.88608531832749,"C"
10,4,"starvation",7.56403883012337,"C"
10,4,"starvation",6.69832124107022,"A"
10,4,"starvation",7.04256427559729,"C"
10,4,"starvation",6.88039844526374,"B"
10,4,"starvation",7.12486801430075,"C"
10,4,"starvation",6.87068602410624,"B"
10,5,"control",10.9709566479859,"A"
10,5,"control",12.1095756452541,"A"
10,5,"control",10.7902586583313,"A"
10,5,"control",11.9480053231625,"A"
10,5,"control",11.4706356709045,"B"
10,5,"control",11.3698295590916,"B"
10,5,"control",11.6215573987799,"B"
10,5,"control",11.3634149548653,"B"
10,5,"control",11.0364447967179,"C"
10,5,"control",11.4655349653845,"B"
10,5,"half",9.10384847010562,"A"
10,5,"half",9.42708818322414,"A"
10,5,"half",9.53886153684103,"C"
10,5,"half",9.52952559562336,"B"
10,5,"half",8.61064454551492,"B"
10,5,"half",8.58190140634849,"A"
10,5,"half",8.20880076080507,"C"
10,5,"half",8.72039787193007,"A"
10,5,"half",8.79544667369345,"A"
10,5,"half",8.09717738874093,"A"
10,5,"starvation",6.86279265082808,"B"
10,5,"starvation",5.79327476840535,"B"
10,5,"starvation",5.87551843035366,"C"
10,5,"starvation",5.81465597871915,"B"
10,5,"starvation",6.74104081430521,"C"
10,5,"starvation",5.08857711517612,"C"
10,5,"starvation",5.70916130519827,"B"
10,5,"starvation",6.82147323324726,"A"
10,5,"starvation",5.59778331307808,"A"
10,5,"starvation",5.46017475435751,"A"
10,6,"control",10.3238225375017,"C"
10,6,"control",10.4668612978956,"A"
10,6,"control",10.5756650257244,"A"
10,6,"control",9.98491494734728,"C"
10,6,"control",9.70270517932629,"C"
10,6,"control",10.7185367201143,"A"
10,6,"control",10.6051878567402,"C"
10,6,"control",9.68341102684952,"B"
10,6,"control",10.6016299731639,"B"
10,6,"control",9.85922966785796,"A"
10,6,"half",9.32344653020298,"A"
10,6,"half",9.38208710380913,"A"
10,6,"half",9.7325814803324,"C"
10,6,"half",8.65890309069541,"A"
10,6,"half",9.14607507234003,"C"
10,6,"half",8.30348156723426,"C"
10,6,"half",8.94936728572294,"A"
10,6,"half",8.66266265620244,"B"
10,6,"half",8.93087091685591,"B"
10,6,"half",8.33127084810264,"A"
10,6,"starvation",5.50791098677359,"A"
10,6,"starvation",4.43965727085072,"B"
10,6,"starvation",5.22230107741747,"B"
10,6,"starvation",4.87200561548332,"B"
10,6,"starvation",5.32647204235343,"A"
10,6,"starvation",5.05641362263461,"C"
10,6,"starvation",5.38768358718842,"B"
10,6,"starvation",4.50246088023,"B"
10,6,"starvation",5.69546999629346,"A"
10,6,"starvation",5.11330320332059,"A"
10,7,"control",10.3250330468207,"A"
10,7,"control",10.7556712433609,"C"
10,7,"control",9.86373999442733,"A"
10,7,"control",10.639069990428,"C"
10,7,"control",10.7648577097326,"B"
10,7,"control",10.4438422613746,"B"
10,7,"control",9.97472681015504,"B"
10,7,"control",9.63503106749499,"A"
10,7,"control",9.75641313812712,"B"
10,7,"control",10.208978078234,"B"
10,7,"half",10.2738803580258,"A"
10,7,"half",10.4395763479415,"B"
10,7,"half",10.40540187894,"A"
10,7,"half",9.89859458976431,"B"
10,7,"half",10.5681547086009,"B"
10,7,"half",8.85716710717358,"A"
10,7,"half",10.1853336801151,"B"
10,7,"half",9.92197650101251,"B"
10,7,"half",10.47796795389,"A"
10,7,"half",9.9172064244221,"C"
10,7,"starvation",4.94872209998075,"C"
10,7,"starvation",5.9033417635209,"A"
10,7,"starvation",4.52033356568803,"B"
10,7,"starvation",4.84517734072283,"B"
10,7,"starvation",5.11049923940443,"A"
10,7,"starvation",4.78560740332606,"B"
10,7,"starvation",4.70320165713237,"B"
10,7,"starvation",5.27052108446894,"C"
10,7,"starvation",4.76512665540311,"B"
10,7,"starvation",5.12247804470136,"B"
10,8,"control",10.9645325275421,"A"
10,8,"control",10.5357566430176,"B"
10,8,"control",10.7293839892197,"A"
10,8,"control",10.4213006966124,"C"
10,8,"control",10.4221783395493,"C"
10,8,"control",10.0627981764597,"A"
10,8,"control",10.6059140305002,"C"
10,8,"control",10.8109602666338,"A"
10,8,"control",11.3223356045597,"B"
10,8,"control",10.8125508820395,"A"
10,8,"half",8.42002162200344,"B"
10,8,"half",8.03359574998341,"C"
10,8,"half",8.48673772709227,"C"
10,8,"half",7.38721629015186,"B"
10,8,"half",8.11872411632404,"C"
10,8,"half",8.43415531827688,"A"
10,8,"half",7.8336509696119,"C"
10,8,"half",7.59002212809272,"B"
10,8,"half",7.91896557452601,"B"
10,8,"half",7.9301923310986,"A"
10,8,"starvation",4.77007798175255,"C"
10,8,"starvation",4.54906055490321,"B"
10,8,"starvation",3.94865153239094,"B"
10,8,"starvation",3.43048168095881,"A"
10,8,"starvation",3.43726130789765,"A"
10,8,"starvation",4.12705900374183,"A"
10,8,"starvation",3.68915613434986,"A"
10,8,"starvation",4.18269358984294,"C"
10,8,"starvation",4.72143730915187,"B"
10,8,"starvation",3.27687185357297,"B"
10,9,"control",11.9150263254143,"C"
10,9,"control",11.5023109141835,"B"
10,9,"control",11.6209004205956,"A"
10,9,"control",10.9425316806524,"A"
10,9,"control",12.0629527696419,"C"
10,9,"control",12.6781247379439,"A"
10,9,"control",11.3113936693241,"A"
10,9,"control",12.3262150037513,"C"
10,9,"control",12.1116107216627,"B"
10,9,"control",11.4732873768313,"A"
10,9,"half",8.71044606264065,"A"
10,9,"half",8.47776198986706,"C"
10,9,"half",8.62006287501129,"A"
10,9,"half",8.33431766551487,"B"
10,9,"half",8.10797048893562,"B"
10,9,"half",8.95115346928137,"B"
10,9,"half",8.1727011674257,"B"
10,9,"half",8.8233399819774,"A"
10,9,"half",8.99688480490089,"B"
10,9,"half",7.94371490655622,"C"
10,9,"starvation",3.67248661652187,"C"
10,9,"starvation",3.68716520104857,"C"
10,9,"starvation",3.40772837779492,"C"
10,9,"starvation",3.54660844228439,"C"
10,9,"starvation",3.45763678951114,"C"
10,9,"starvation",3.61067153277014,"C"
10,9,"starvation",4.16216136238326,"A"
10,9,"starvation",3.81120572340681,"C"
10,9,"starvation",4.77979143892265,"B"
10,9,"starvation",3.29105920945355,"B"
10,10,"control",8.16613460808343,"C"
10,10,"control",8.66932466011067,"B"
10,10,"control",9.02359680717007,"A"
10,10,"control",8.79442519968923,"B"
10,10,"control",8.49033607409084,"A"
10,10,"control",8.48123287718456,"B"
10,10,"control",8.64061065498907,"B"
10,10,"control",8.07042129232326,"A"
10,10,"control",8.40471174232981,"B"
10,10,"control",8.79878250616965,"B"
10,10,"half",9.21969545721813,"C"
10,10,"half",8.50957470980398,"C"
10,10,"half",9.06220401289437,"B"
10,10,"half",8.86478321092495,"B"
10,10,"half",8.89308452624396,"B"
10,10,"half",9.23981323042459,"A"
10,10,"half",9.31204766108471,"B"
10,10,"half",9.06788427222238,"C"
10,10,"half",9.61127321690176,"C"
10,10,"half",9.37897778802523,"B"
10,10,"starvation",0.445049305067105,"A"
10,10,"starvation",0.797105858117034,"C"
10,10,"starvation",1.25649036543347,"B"
10,10,"starvation",1.17363020678134,"A"
10,10,"starvation",1.15362892709776,"A"
10,10,"starvation",0.566286211382527,"A"
10,10,"starvation",0.478748516393638,"C"
10,10,"starvation",0.789202120016549,"A"
10,10,"starvation",-0.231679681850907,"C"
10,10,"starvation",0.575665289394313,"C"
